{
"type": "FeatureCollection",
"name": "barpeta_operational_sectors",
"crs": { "type": "name", "properties": { "name": "urn:ogc:def:crs:OGC:1.3:CRS84" } },
"features": [
{ "type": "Feature", "properties": { "sector_id": "Sector_D1", "mean_priority": 0.0, "active_sar_pixels": 0, "tier": 2 }, "geometry": { "type": "Polygon", "coordinates": [ [ [ 90.804759213125379, 26.087937180377395 ], [ 90.80499351205215, 26.075382017450252 ], [ 90.79928465483205, 26.077297239789321 ], [ 90.796044948270961, 26.078782444700877 ], [ 90.790173507223116, 26.080245415416943 ], [ 90.781115477699331, 26.083384202917319 ], [ 90.772137676535024, 26.08743692766711 ], [ 90.804759213125379, 26.087937180377395 ] ] ] } },
{ "type": "Feature", "properties": { "sector_id": "Sector_E1", "mean_priority": 0.0, "active_sar_pixels": 0, "tier": 2 }, "geometry": { "type": "Polygon", "coordinates": [ [ [ 90.804759213125379, 26.087937180377395 ], [ 90.854721830737944, 26.08868905267337 ], [ 90.855347616189789, 26.05435532316223 ], [ 90.853204136641338, 26.054965951807681 ], [ 90.836894978404274, 26.062855044596787 ], [ 90.832940039993076, 26.067038530767789 ], [ 90.823959937927157, 26.068148890575731 ], [ 90.811123321419359, 26.073457933453984 ], [ 90.809948718385058, 26.073719392160534 ], [ 90.80499351205215, 26.075382017450252 ], [ 90.804759213125379, 26.087937180377395 ] ] ] } },
{ "type": "Feature", "properties": { "sector_id": "Sector_D2", "mean_priority": 0.0, "active_sar_pixels": 0, "tier": 2 }, "geometry": { "type": "Polygon", "coordinates": [ [ [ 90.753936239602893, 26.132281821841541 ], [ 90.803916008186377, 26.133052501406436 ], [ 90.804759213125379, 26.087937180377395 ], [ 90.772137676535024, 26.08743692766711 ], [ 90.765748522797523, 26.090320567680052 ], [ 90.765684421905405, 26.090340321032318 ], [ 90.764980160823441, 26.090421603823323 ], [ 90.754710714746039, 26.091770408070563 ], [ 90.753936239602893, 26.132281821841541 ] ] ] } },
{ "type": "Feature", "properties": { "sector_id": "Sector_E2", "mean_priority": 0.0, "active_sar_pixels": 0, "tier": 2 }, "geometry": { "type": "Polygon", "coordinates": [ [ [ 90.804759213125379, 26.087937180377395 ], [ 90.803916008186377, 26.133052501406436 ], [ 90.853897780410591, 26.133805867016598 ], [ 90.854721830737944, 26.08868905267337 ], [ 90.804759213125379, 26.087937180377395 ] ] ] } },
{ "type": "Feature", "properties": { "sector_id": "Sector_C3", "mean_priority": 1.3744253650621958, "active_sar_pixels": 0, "tier": 1 }, "geometry": { "type": "Polygon", "coordinates": [ [ [ 90.703958520122882, 26.131493831023054 ], [ 90.703074921477508, 26.176605752361827 ], [ 90.753071834279766, 26.177395306255413 ], [ 90.753936239602893, 26.132281821841541 ], [ 90.703958520122882, 26.131493831023054 ] ] ] } },
{ "type": "Feature", "properties": { "sector_id": "Sector_D3", "mean_priority": 1.5374337005303957, "active_sar_pixels": 0, "tier": 1 }, "geometry": { "type": "Polygon", "coordinates": [ [ [ 90.753936239602893, 26.132281821841541 ], [ 90.753071834279766, 26.177395306255413 ], [ 90.803070799604811, 26.178167514576419 ], [ 90.803916008186377, 26.133052501406436 ], [ 90.753936239602893, 26.132281821841541 ] ] ] } },
{ "type": "Feature", "properties": { "sector_id": "Sector_E3", "mean_priority": 1.5290357677138582, "active_sar_pixels": 0, "tier": 1 }, "geometry": { "type": "Polygon", "coordinates": [ [ [ 90.803916008186377, 26.133052501406436 ], [ 90.803070799604811, 26.178167514576419 ], [ 90.853071771914315, 26.178922374616999 ], [ 90.853897780410591, 26.133805867016598 ], [ 90.803916008186377, 26.133052501406436 ] ] ] } },
{ "type": "Feature", "properties": { "sector_id": "Sector_C4", "mean_priority": 2.3821569427444582, "active_sar_pixels": 0, "tier": 1 }, "geometry": { "type": "Polygon", "coordinates": [ [ [ 90.703074921477508, 26.176605752361827 ], [ 90.702189224780298, 26.221717363114788 ], [ 90.752205376431988, 26.222508481253985 ], [ 90.753071834279766, 26.177395306255413 ], [ 90.703074921477508, 26.176605752361827 ] ] ] } },
{ "type": "Feature", "properties": { "sector_id": "Sector_E4", "mean_priority": 2.5369857392018056, "active_sar_pixels": 0, "tier": 1 }, "geometry": { "type": "Polygon", "coordinates": [ [ [ 90.803070799604811, 26.178167514576419 ], [ 90.802223584036966, 26.223282219476026 ], [ 90.852243801981032, 26.22403857506638 ], [ 90.853071771914315, 26.178922374616999 ], [ 90.803070799604811, 26.178167514576419 ] ] ] } },
{ "type": "Feature", "properties": { "sector_id": "Sector_G1", "mean_priority": 0.0, "active_sar_pixels": 0, "tier": 2 }, "geometry": { "type": "Polygon", "coordinates": [ [ [ 90.904686403260214, 26.089423642680618 ], [ 90.954652885283394, 26.090140947825329 ], [ 90.955337855513704, 26.050719468441574 ], [ 90.954732522979612, 26.050577175631933 ], [ 90.940339474935982, 26.049347249884864 ], [ 90.937976215467202, 26.049522607011948 ], [ 90.929715846518192, 26.046917205630148 ], [ 90.915849149025433, 26.044454967903796 ], [ 90.905471738606806, 26.045297816945677 ], [ 90.904686403260214, 26.089423642680618 ] ] ] } },
{ "type": "Feature", "properties": { "sector_id": "Sector_F1", "mean_priority": 0.0, "active_sar_pixels": 0, "tier": 2 }, "geometry": { "type": "Polygon", "coordinates": [ [ [ 90.854721830737944, 26.08868905267337 ], [ 90.904686403260214, 26.089423642680618 ], [ 90.905471738606806, 26.045297816945677 ], [ 90.901774036083239, 26.045597958455527 ], [ 90.897775691986794, 26.046449405640789 ], [ 90.887136294065414, 26.050026083206728 ], [ 90.876440905621678, 26.050237560421973 ], [ 90.862498174467333, 26.052318009454019 ], [ 90.855347616189789, 26.05435532316223 ], [ 90.854721830737944, 26.08868905267337 ] ] ] } },
{ "type": "Feature", "properties": { "sector_id": "Sector_H1", "mean_priority": 0.0, "active_sar_pixels": 0, "tier": 2 }, "geometry": { "type": "Polygon", "coordinates": [ [ [ 90.954652885283394, 26.090140947825329 ], [ 91.004621231388327, 26.090840965594058 ], [ 91.004856723586187, 26.076958001397603 ], [ 91.000289841043411, 26.072645738994609 ], [ 90.986414067321491, 26.062437453016912 ], [ 90.974987806802162, 26.056121458437218 ], [ 90.970168770834817, 26.054204818198976 ], [ 90.955337855513704, 26.050719468441574 ], [ 90.954652885283394, 26.090140947825329 ] ] ] } },
{ "type": "Feature", "properties": { "sector_id": "Sector_G2", "mean_priority": 0.0, "active_sar_pixels": 0, "tier": 2 }, "geometry": { "type": "Polygon", "coordinates": [ [ [ 90.904686403260214, 26.089423642680618 ], [ 90.903881510801966, 26.134541916031353 ], [ 90.953867153876274, 26.13526064587051 ], [ 90.954652885283394, 26.090140947825329 ], [ 90.904686403260214, 26.089423642680618 ] ] ] } },
{ "type": "Feature", "properties": { "sector_id": "Sector_H2", "mean_priority": 0.0, "active_sar_pixels": 0, "tier": 2 }, "geometry": { "type": "Polygon", "coordinates": [ [ [ 90.954652885283394, 26.090140947825329 ], [ 90.953867153876274, 26.13526064587051 ], [ 91.003854664138871, 26.135962054014382 ], [ 91.004621231388327, 26.090840965594058 ], [ 90.954652885283394, 26.090140947825329 ] ] ] } },
{ "type": "Feature", "properties": { "sector_id": "Sector_F2", "mean_priority": 0.0, "active_sar_pixels": 0, "tier": 2 }, "geometry": { "type": "Polygon", "coordinates": [ [ [ 90.854721830737944, 26.08868905267337 ], [ 90.853897780410591, 26.133805867016598 ], [ 90.903881510801966, 26.134541916031353 ], [ 90.904686403260214, 26.089423642680618 ], [ 90.854721830737944, 26.08868905267337 ] ] ] } },
{ "type": "Feature", "properties": { "sector_id": "Sector_F3", "mean_priority": 1.5764313885488916, "active_sar_pixels": 0, "tier": 1 }, "geometry": { "type": "Polygon", "coordinates": [ [ [ 90.853897780410591, 26.133805867016598 ], [ 90.853071771914315, 26.178922374616999 ], [ 90.903074705659051, 26.179659883729954 ], [ 90.903881510801966, 26.134541916031353 ], [ 90.853897780410591, 26.133805867016598 ] ] ] } },
{ "type": "Feature", "properties": { "sector_id": "Sector_G3", "mean_priority": 1.5876487290427257, "active_sar_pixels": 0, "tier": 1 }, "geometry": { "type": "Polygon", "coordinates": [ [ [ 90.903881510801966, 26.134541916031353 ], [ 90.903074705659051, 26.179659883729954 ], [ 90.953079555279132, 26.1803800393287 ], [ 90.953867153876274, 26.13526064587051 ], [ 90.903881510801966, 26.134541916031353 ] ] ] } },
{ "type": "Feature", "properties": { "sector_id": "Sector_H3", "mean_priority": 1.5572555419556644, "active_sar_pixels": 0, "tier": 1 }, "geometry": { "type": "Polygon", "coordinates": [ [ [ 90.953867153876274, 26.13526064587051 ], [ 90.953079555279132, 26.1803800393287 ], [ 91.003086275204211, 26.181082838887324 ], [ 91.003854664138871, 26.135962054014382 ], [ 90.953867153876274, 26.13526064587051 ] ] ] } },
{ "type": "Feature", "properties": { "sector_id": "Sector_F4", "mean_priority": 2.3186279539003456, "active_sar_pixels": 0, "tier": 1 }, "geometry": { "type": "Polygon", "coordinates": [ [ [ 90.853071771914315, 26.178922374616999 ], [ 90.852243801981032, 26.22403857506638 ], [ 90.902265984639087, 26.224777545371275 ], [ 90.903074705659051, 26.179659883729954 ], [ 90.853071771914315, 26.178922374616999 ] ] ] } },
{ "type": "Feature", "properties": { "sector_id": "Sector_C2", "mean_priority": 0.0, "active_sar_pixels": 0, "tier": 2 }, "geometry": { "type": "Polygon", "coordinates": [ [ [ 90.703958520122882, 26.131493831023054 ], [ 90.753936239602893, 26.132281821841541 ], [ 90.754710714746039, 26.091770408070563 ], [ 90.750995360073873, 26.092258198341487 ], [ 90.744902287488131, 26.092305079967044 ], [ 90.738320728594886, 26.091227082370494 ], [ 90.729547687570332, 26.088175655261754 ], [ 90.715354835804234, 26.087125158672638 ], [ 90.704786959474433, 26.089100304085484 ], [ 90.703958520122882, 26.131493831023054 ] ] ] } },
{ "type": "Feature", "properties": { "sector_id": "Sector_A2", "mean_priority": 0.0, "active_sar_pixels": 0, "tier": 2 }, "geometry": { "type": "Polygon", "coordinates": [ [ [ 90.653982895197913, 26.130688531712565 ], [ 90.654119271592805, 26.123864765301125 ], [ 90.649174301445612, 26.129074204091879 ], [ 90.64840380502568, 26.130597555122772 ], [ 90.653982895197913, 26.130688531712565 ] ] ] } },
{ "type": "Feature", "properties": { "sector_id": "Sector_B2", "mean_priority": 0.0, "active_sar_pixels": 0, "tier": 2 }, "geometry": { "type": "Polygon", "coordinates": [ [ [ 90.653982895197913, 26.130688531712565 ], [ 90.703958520122882, 26.131493831023054 ], [ 90.704786959474433, 26.089100304085484 ], [ 90.701409932001937, 26.089731293391395 ], [ 90.689147124501261, 26.095636779818651 ], [ 90.687998271054383, 26.095993140149087 ], [ 90.674915702053681, 26.105258137433179 ], [ 90.671074468880661, 26.110651471698723 ], [ 90.668967051694494, 26.112652199494637 ], [ 90.661506859258054, 26.116920219446854 ], [ 90.658256489564593, 26.11950576337901 ], [ 90.654119271592805, 26.123864765301125 ], [ 90.653982895197913, 26.130688531712565 ] ] ] } },
{ "type": "Feature", "properties": { "sector_id": "Sector_A3", "mean_priority": 0.0, "active_sar_pixels": 0, "tier": 2 }, "geometry": { "type": "Polygon", "coordinates": [ [ [ 90.653080106725199, 26.175798855664091 ], [ 90.653982895197913, 26.130688531712565 ], [ 90.64840380502568, 26.130597555122772 ], [ 90.643376247921438, 26.140536377782638 ], [ 90.642898287728016, 26.141991300482243 ], [ 90.629977013823648, 26.165640329084663 ], [ 90.626393587285207, 26.174366529923148 ], [ 90.626111640456585, 26.175356380776975 ], [ 90.653080106725199, 26.175798855664091 ] ] ] } },
{ "type": "Feature", "properties": { "sector_id": "Sector_B3", "mean_priority": 0.089793281653746768, "active_sar_pixels": 0, "tier": 2 }, "geometry": { "type": "Polygon", "coordinates": [ [ [ 90.653982895197913, 26.130688531712565 ], [ 90.653080106725199, 26.175798855664091 ], [ 90.703074921477508, 26.176605752361827 ], [ 90.703958520122882, 26.131493831023054 ], [ 90.653982895197913, 26.130688531712565 ] ] ] } },
{ "type": "Feature", "properties": { "sector_id": "Sector_B4", "mean_priority": 0.12150747238466536, "active_sar_pixels": 0, "tier": 2 }, "geometry": { "type": "Polygon", "coordinates": [ [ [ 90.653080106725199, 26.175798855664091 ], [ 90.652175174684857, 26.22090886783371 ], [ 90.702189224780298, 26.221717363114788 ], [ 90.703074921477508, 26.176605752361827 ], [ 90.653080106725199, 26.175798855664091 ] ] ] } },
{ "type": "Feature", "properties": { "sector_id": "Sector_A4", "mean_priority": 0.0, "active_sar_pixels": 0, "tier": 2 }, "geometry": { "type": "Polygon", "coordinates": [ [ [ 90.652175174684857, 26.22090886783371 ], [ 90.653080106725199, 26.175798855664091 ], [ 90.626111640456585, 26.175356380776975 ], [ 90.621594169885171, 26.191213451540676 ], [ 90.620986783626918, 26.192904079222366 ], [ 90.619078979789592, 26.195400718586114 ], [ 90.616964142737999, 26.199689647830805 ], [ 90.615820267223626, 26.203150598089238 ], [ 90.614127674354563, 26.205827701698876 ], [ 90.613535733463735, 26.207110221701523 ], [ 90.610271421393733, 26.211451815027726 ], [ 90.605848806479415, 26.220144453360462 ], [ 90.652175174684857, 26.22090886783371 ] ] ] } },
{ "type": "Feature", "properties": { "sector_id": "Sector_B5", "mean_priority": 0.081495160904209843, "active_sar_pixels": 0, "tier": 2 }, "geometry": { "type": "Polygon", "coordinates": [ [ [ 90.652175174684857, 26.22090886783371 ], [ 90.651268095494785, 26.266018567800884 ], [ 90.701301426524921, 26.266828662864715 ], [ 90.702189224780298, 26.221717363114788 ], [ 90.652175174684857, 26.22090886783371 ] ] ] } },
{ "type": "Feature", "properties": { "sector_id": "Sector_G4", "mean_priority": 2.4922140622875015, "active_sar_pixels": 0, "tier": 1 }, "geometry": { "type": "Polygon", "coordinates": [ [ [ 90.903074705659051, 26.179659883729954 ], [ 90.902265984639087, 26.224777545371275 ], [ 90.952290086375285, 26.22549912779774 ], [ 90.953079555279132, 26.1803800393287 ], [ 90.903074705659051, 26.179659883729954 ] ] ] } },
{ "type": "Feature", "properties": { "sector_id": "Sector_H4", "mean_priority": 2.41773537156732, "active_sar_pixels": 0, "tier": 1 }, "geometry": { "type": "Polygon", "coordinates": [ [ [ 90.953079555279132, 26.1803800393287 ], [ 90.952290086375285, 26.22549912779774 ], [ 91.002316061543382, 26.226203319813592 ], [ 91.003086275204211, 26.181082838887324 ], [ 90.953079555279132, 26.1803800393287 ] ] ] } },
{ "type": "Feature", "properties": { "sector_id": "Sector_H5", "mean_priority": 2.4830204165384222, "active_sar_pixels": 0, "tier": 1 }, "geometry": { "type": "Polygon", "coordinates": [ [ [ 90.952290086375285, 26.22549912779774 ], [ 90.951498744037877, 26.270617910876002 ], [ 91.001544020105513, 26.271323496394494 ], [ 91.002316061543382, 26.226203319813592 ], [ 90.952290086375285, 26.22549912779774 ] ] ] } },
{ "type": "Feature", "properties": { "sector_id": "Sector_G5", "mean_priority": 2.4615803073575413, "active_sar_pixels": 0, "tier": 1 }, "geometry": { "type": "Polygon", "coordinates": [ [ [ 90.902265984639087, 26.224777545371275 ], [ 90.901455344539215, 26.269894900550732 ], [ 90.951498744037877, 26.270617910876002 ], [ 90.952290086375285, 26.22549912779774 ], [ 90.902265984639087, 26.224777545371275 ] ] ] } },
{ "type": "Feature", "properties": { "sector_id": "Sector_F5", "mean_priority": 2.4034745733730039, "active_sar_pixels": 0, "tier": 1 }, "geometry": { "type": "Polygon", "coordinates": [ [ [ 90.852243801981032, 26.22403857506638 ], [ 90.851413867331985, 26.269154467957101 ], [ 90.901455344539215, 26.269894900550732 ], [ 90.902265984639087, 26.224777545371275 ], [ 90.852243801981032, 26.22403857506638 ] ] ] } },
{ "type": "Feature", "properties": { "sector_id": "Sector_G6", "mean_priority": 2.3955188358493134, "active_sar_pixels": 0, "tier": 1 }, "geometry": { "type": "Polygon", "coordinates": [ [ [ 90.901455344539215, 26.269894900550732 ], [ 90.90064278214615, 26.315011948864292 ], [ 90.950705525129806, 26.315736388162463 ], [ 90.951498744037877, 26.270617910876002 ], [ 90.901455344539215, 26.269894900550732 ] ] ] } },
{ "type": "Feature", "properties": { "sector_id": "Sector_H6", "mean_priority": 2.4938955576074688, "active_sar_pixels": 0, "tier": 1 }, "geometry": { "type": "Polygon", "coordinates": [ [ [ 90.951498744037877, 26.270617910876002 ], [ 90.950705525129806, 26.315736388162463 ], [ 91.000770147829741, 26.316443368231898 ], [ 91.001544020105513, 26.271323496394494 ], [ 90.951498744037877, 26.270617910876002 ] ] ] } },
{ "type": "Feature", "properties": { "sector_id": "Sector_F6", "mean_priority": 2.4386648883417119, "active_sar_pixels": 0, "tier": 1 }, "geometry": { "type": "Polygon", "coordinates": [ [ [ 90.851413867331985, 26.269154467957101 ], [ 90.850581964677716, 26.31427005288209 ], [ 90.90064278214615, 26.315011948864292 ], [ 90.901455344539215, 26.269894900550732 ], [ 90.851413867331985, 26.269154467957101 ] ] ] } },
{ "type": "Feature", "properties": { "sector_id": "Sector_G7", "mean_priority": 2.3882768937848495, "active_sar_pixels": 0, "tier": 1 }, "geometry": { "type": "Polygon", "coordinates": [ [ [ 90.90064278214615, 26.315011948864292 ], [ 90.89982829423613, 26.360128689908493 ], [ 90.949910426503763, 26.360854559256637 ], [ 90.950705525129806, 26.315736388162463 ], [ 90.90064278214615, 26.315011948864292 ] ] ] } },
{ "type": "Feature", "properties": { "sector_id": "Sector_F7", "mean_priority": 2.3231421634007043, "active_sar_pixels": 0, "tier": 1 }, "geometry": { "type": "Polygon", "coordinates": [ [ [ 90.850581964677716, 26.31427005288209 ], [ 90.849748090718009, 26.359385329434815 ], [ 90.89982829423613, 26.360128689908493 ], [ 90.90064278214615, 26.315011948864292 ], [ 90.850581964677716, 26.31427005288209 ] ] ] } },
{ "type": "Feature", "properties": { "sector_id": "Sector_D4", "mean_priority": 2.3368215861290653, "active_sar_pixels": 0, "tier": 1 }, "geometry": { "type": "Polygon", "coordinates": [ [ [ 90.753071834279766, 26.177395306255413 ], [ 90.752205376431988, 26.222508481253985 ], [ 90.802223584036966, 26.223282219476026 ], [ 90.803070799604811, 26.178167514576419 ], [ 90.753071834279766, 26.177395306255413 ] ] ] } },
{ "type": "Feature", "properties": { "sector_id": "Sector_C5", "mean_priority": 2.3779749762001905, "active_sar_pixels": 0, "tier": 1 }, "geometry": { "type": "Polygon", "coordinates": [ [ [ 90.702189224780298, 26.221717363114788 ], [ 90.701301426524921, 26.266828662864715 ], [ 90.751336862629074, 26.267621346423308 ], [ 90.752205376431988, 26.222508481253985 ], [ 90.702189224780298, 26.221717363114788 ] ] ] } },
{ "type": "Feature", "properties": { "sector_id": "Sector_E5", "mean_priority": 2.4415033685578469, "active_sar_pixels": 0, "tier": 1 }, "geometry": { "type": "Polygon", "coordinates": [ [ [ 90.802223584036966, 26.223282219476026 ], [ 90.801374358128186, 26.268396615694513 ], [ 90.851413867331985, 26.269154467957101 ], [ 90.852243801981032, 26.22403857506638 ], [ 90.802223584036966, 26.223282219476026 ] ] ] } },
{ "type": "Feature", "properties": { "sector_id": "Sector_D5", "mean_priority": 2.4201634691016038, "active_sar_pixels": 0, "tier": 1 }, "geometry": { "type": "Polygon", "coordinates": [ [ [ 90.752205376431988, 26.222508481253985 ], [ 90.751336862629074, 26.267621346423308 ], [ 90.801374358128186, 26.268396615694513 ], [ 90.802223584036966, 26.223282219476026 ], [ 90.752205376431988, 26.222508481253985 ] ] ] } },
{ "type": "Feature", "properties": { "sector_id": "Sector_E6", "mean_priority": 2.2705789815669779, "active_sar_pixels": 0, "tier": 1 }, "geometry": { "type": "Polygon", "coordinates": [ [ [ 90.801374358128186, 26.268396615694513 ], [ 90.800523118512885, 26.313510702821681 ], [ 90.850581964677716, 26.31427005288209 ], [ 90.851413867331985, 26.269154467957101 ], [ 90.801374358128186, 26.268396615694513 ] ] ] } },
{ "type": "Feature", "properties": { "sector_id": "Sector_D6", "mean_priority": 2.3674292944837729, "active_sar_pixels": 0, "tier": 1 }, "geometry": { "type": "Polygon", "coordinates": [ [ [ 90.751336862629074, 26.267621346423308 ], [ 90.750466289429326, 26.312733901349972 ], [ 90.800523118512885, 26.313510702821681 ], [ 90.801374358128186, 26.268396615694513 ], [ 90.751336862629074, 26.267621346423308 ] ] ] } },
{ "type": "Feature", "properties": { "sector_id": "Sector_D7", "mean_priority": 2.267724614384897, "active_sar_pixels": 0, "tier": 1 }, "geometry": { "type": "Polygon", "coordinates": [ [ [ 90.799669861814479, 26.358624480447855 ], [ 90.800523118512885, 26.313510702821681 ], [ 90.750466289429326, 26.312733901349972 ], [ 90.749602316950373, 26.357398794819137 ], [ 90.751193905359713, 26.357871289281732 ], [ 90.799669861814479, 26.358624480447855 ] ] ] } },
{ "type": "Feature", "properties": { "sector_id": "Sector_E7", "mean_priority": 2.3293663007421088, "active_sar_pixels": 0, "tier": 1 }, "geometry": { "type": "Polygon", "coordinates": [ [ [ 90.800523118512885, 26.313510702821681 ], [ 90.799669861814479, 26.358624480447855 ], [ 90.849748090718009, 26.359385329434815 ], [ 90.850581964677716, 26.31427005288209 ], [ 90.800523118512885, 26.313510702821681 ] ] ] } },
{ "type": "Feature", "properties": { "sector_id": "Sector_C7", "mean_priority": 2.3066739209285454, "active_sar_pixels": 0, "tier": 1 }, "geometry": { "type": "Polygon", "coordinates": [ [ [ 90.750466289429326, 26.312733901349972 ], [ 90.700411523193637, 26.311939651194944 ], [ 90.700048541206243, 26.330309232978703 ], [ 90.710439591762324, 26.337222166264738 ], [ 90.710856401832601, 26.337384824184266 ], [ 90.711498999773909, 26.338071860956848 ], [ 90.725893746137189, 26.348644864842001 ], [ 90.734813815075185, 26.353007526174398 ], [ 90.749602316950373, 26.357398794819137 ], [ 90.750466289429326, 26.312733901349972 ] ] ] } },
{ "type": "Feature", "properties": { "sector_id": "Sector_D8", "mean_priority": 2.0670557832828371, "active_sar_pixels": 0, "tier": 1 }, "geometry": { "type": "Polygon", "coordinates": [ [ [ 90.79881458464537, 26.403737948163911 ], [ 90.799669861814479, 26.358624480447855 ], [ 90.751193905359713, 26.357871289281732 ], [ 90.751592902929517, 26.35798973628216 ], [ 90.752545778924258, 26.359286830431159 ], [ 90.755628235879868, 26.362239214853091 ], [ 90.755658575034673, 26.362445589367965 ], [ 90.756366788147957, 26.364505908347336 ], [ 90.761947918300777, 26.375371080055128 ], [ 90.764823038712265, 26.379443009101205 ], [ 90.769411148242582, 26.384959356982058 ], [ 90.772341291405965, 26.387971785213015 ], [ 90.760851604904417, 26.394333017618514 ], [ 90.752337417352351, 26.403014997774633 ], [ 90.79881458464537, 26.403737948163911 ] ] ] } },
{ "type": "Feature", "properties": { "sector_id": "Sector_A5", "mean_priority": 0.0, "active_sar_pixels": 0, "tier": 2 }, "geometry": { "type": "Polygon", "coordinates": [ [ [ 90.651268095494785, 26.266018567800884 ], [ 90.652175174684857, 26.22090886783371 ], [ 90.605848806479415, 26.220144453360462 ], [ 90.603386894060677, 26.224982655781105 ], [ 90.601758673366874, 26.239797722083203 ], [ 90.602126648439281, 26.244747244725012 ], [ 90.606976666409281, 26.261317256708342 ], [ 90.609117905775946, 26.265322571199054 ], [ 90.651268095494785, 26.266018567800884 ] ] ] } },
{ "type": "Feature", "properties": { "sector_id": "Sector_B6", "mean_priority": 0.046207222835514906, "active_sar_pixels": 0, "tier": 2 }, "geometry": { "type": "Polygon", "coordinates": [ [ [ 90.700411523193637, 26.311939651194944 ], [ 90.701301426524921, 26.266828662864715 ], [ 90.651268095494785, 26.266018567800884 ], [ 90.650663265168447, 26.29603777990209 ], [ 90.658467496338417, 26.298784856290769 ], [ 90.669907130757963, 26.30146059693309 ], [ 90.673399701008691, 26.301889824417771 ], [ 90.673924902039261, 26.303524569640356 ], [ 90.674914309966397, 26.305197000684725 ], [ 90.679765718977848, 26.311606959386744 ], [ 90.700411523193637, 26.311939651194944 ] ] ] } },
{ "type": "Feature", "properties": { "sector_id": "Sector_A6", "mean_priority": 0.0, "active_sar_pixels": 0, "tier": 2 }, "geometry": { "type": "Polygon", "coordinates": [ [ [ 90.651268095494785, 26.266018567800884 ], [ 90.609117905775946, 26.265322571199054 ], [ 90.609463392242645, 26.265968797544605 ], [ 90.618333525682047, 26.27752028514637 ], [ 90.630716758382846, 26.286050901853418 ], [ 90.635925016436985, 26.288592040841877 ], [ 90.645706344403351, 26.294292670891693 ], [ 90.650663265168447, 26.29603777990209 ], [ 90.651268095494785, 26.266018567800884 ] ] ] } },
{ "type": "Feature", "properties": { "sector_id": "Sector_C6", "mean_priority": 2.2997416020671833, "active_sar_pixels": 0, "tier": 1 }, "geometry": { "type": "Polygon", "coordinates": [ [ [ 90.701301426524921, 26.266828662864715 ], [ 90.700411523193637, 26.311939651194944 ], [ 90.750466289429326, 26.312733901349972 ], [ 90.751336862629074, 26.267621346423308 ], [ 90.701301426524921, 26.266828662864715 ] ] ] } },
{ "type": "Feature", "properties": { "sector_id": "Sector_B7", "mean_priority": 0.040599853694220922, "active_sar_pixels": 0, "tier": 2 }, "geometry": { "type": "Polygon", "coordinates": [ [ [ 90.700411523193637, 26.311939651194944 ], [ 90.679765718977848, 26.311606959386744 ], [ 90.681037944846764, 26.313287761187777 ], [ 90.692291205514962, 26.325147460367003 ], [ 90.700048541206243, 26.330309232978703 ], [ 90.700411523193637, 26.311939651194944 ] ] ] } },
{ "type": "Feature", "properties": { "sector_id": "Sector_C9", "mean_priority": 2.0795914024260482, "active_sar_pixels": 0, "tier": 1 }, "geometry": { "type": "Polygon", "coordinates": [ [ [ 90.747842178863394, 26.448069700548011 ], [ 90.7486269566121, 26.407696391848546 ], [ 90.743666998465031, 26.41458239868372 ], [ 90.737383470089028, 26.427195927070343 ], [ 90.735635766821673, 26.440930287250499 ], [ 90.735719645674891, 26.442829876761447 ], [ 90.736720335688361, 26.447893902102948 ], [ 90.747842178863394, 26.448069700548011 ] ] ] } },
{ "type": "Feature", "properties": { "sector_id": "Sector_H7", "mean_priority": 2.371909305427311, "active_sar_pixels": 0, "tier": 1 }, "geometry": { "type": "Polygon", "coordinates": [ [ [ 90.950705525129806, 26.315736388162463 ], [ 90.949910426503763, 26.360854559256637 ], [ 90.999994441645242, 26.361562934928248 ], [ 91.000770147829741, 26.316443368231898 ], [ 90.950705525129806, 26.315736388162463 ] ] ] } },
{ "type": "Feature", "properties": { "sector_id": "Sector_F8", "mean_priority": 2.3700190398476813, "active_sar_pixels": 0, "tier": 1 }, "geometry": { "type": "Polygon", "coordinates": [ [ [ 90.849748090718009, 26.359385329434815 ], [ 90.848912242141935, 26.404500297209299 ], [ 90.89901187757485, 26.405245123280434 ], [ 90.89982829423613, 26.360128689908493 ], [ 90.849748090718009, 26.359385329434815 ] ] ] } },
{ "type": "Feature", "properties": { "sector_id": "Sector_H8", "mean_priority": 2.3180674554603562, "active_sar_pixels": 0, "tier": 1 }, "geometry": { "type": "Polygon", "coordinates": [ [ [ 90.949910426503763, 26.360854559256637 ], [ 90.949113445002112, 26.405972423758627 ], [ 90.999216898471161, 26.406682196086567 ], [ 90.999994441645242, 26.361562934928248 ], [ 90.949910426503763, 26.360854559256637 ] ] ] } },
{ "type": "Feature", "properties": { "sector_id": "Sector_G8", "mean_priority": 2.293232828555976, "active_sar_pixels": 0, "tier": 1 }, "geometry": { "type": "Polygon", "coordinates": [ [ [ 90.89982829423613, 26.360128689908493 ], [ 90.89901187757485, 26.405245123280434 ], [ 90.949113445002112, 26.405972423758627 ], [ 90.949910426503763, 26.360854559256637 ], [ 90.89982829423613, 26.360128689908493 ] ] ] } },
{ "type": "Feature", "properties": { "sector_id": "Sector_H9", "mean_priority": 2.1215416709414865, "active_sar_pixels": 0, "tier": 1 }, "geometry": { "type": "Polygon", "coordinates": [ [ [ 90.949113445002112, 26.405972423758627 ], [ 90.948314577456983, 26.451089981269085 ], [ 90.998437515216551, 26.451801151310441 ], [ 90.999216898471161, 26.406682196086567 ], [ 90.949113445002112, 26.405972423758627 ] ] ] } },
{ "type": "Feature", "properties": { "sector_id": "Sector_G9", "mean_priority": 2.2071263429892563, "active_sar_pixels": 0, "tier": 1 }, "geometry": { "type": "Polygon", "coordinates": [ [ [ 90.89901187757485, 26.405245123280434 ], [ 90.898193528917446, 26.450361248577764 ], [ 90.948314577456983, 26.451089981269085 ], [ 90.949113445002112, 26.405972423758627 ], [ 90.89901187757485, 26.405245123280434 ] ] ] } },
{ "type": "Feature", "properties": { "sector_id": "Sector_F9", "mean_priority": 2.2134673916760712, "active_sar_pixels": 0, "tier": 1 }, "geometry": { "type": "Polygon", "coordinates": [ [ [ 90.848912242141935, 26.404500297209299 ], [ 90.848074415627693, 26.449614955800104 ], [ 90.898193528917446, 26.450361248577764 ], [ 90.89901187757485, 26.405245123280434 ], [ 90.848912242141935, 26.404500297209299 ] ] ] } },
{ "type": "Feature", "properties": { "sector_id": "Sector_G10", "mean_priority": 1.6880184958520332, "active_sar_pixels": 0, "tier": 1 }, "geometry": { "type": "Polygon", "coordinates": [ [ [ 90.898193528917446, 26.450361248577764 ], [ 90.897373245008453, 26.495477065398692 ], [ 90.947513820690119, 26.496207231389228 ], [ 90.948314577456983, 26.451089981269085 ], [ 90.898193528917446, 26.450361248577764 ] ] ] } },
{ "type": "Feature", "properties": { "sector_id": "Sector_H10", "mean_priority": 1.6846209089976403, "active_sar_pixels": 0, "tier": 1 }, "geometry": { "type": "Polygon", "coordinates": [ [ [ 90.948314577456983, 26.451089981269085 ], [ 90.947513820690119, 26.496207231389228 ], [ 90.997656288780419, 26.496919800204047 ], [ 90.998437515216551, 26.451801151310441 ], [ 90.948314577456983, 26.451089981269085 ] ] ] } },
{ "type": "Feature", "properties": { "sector_id": "Sector_F10", "mean_priority": 1.5119181970520843, "active_sar_pixels": 0, "tier": 1 }, "geometry": { "type": "Polygon", "coordinates": [ [ [ 90.848074415627693, 26.449614955800104 ], [ 90.847234607842651, 26.494729304802377 ], [ 90.897373245008453, 26.495477065398692 ], [ 90.898193528917446, 26.450361248577764 ], [ 90.848074415627693, 26.449614955800104 ] ] ] } },
{ "type": "Feature", "properties": { "sector_id": "Sector_E8", "mean_priority": 2.2334421324629403, "active_sar_pixels": 0, "tier": 1 }, "geometry": { "type": "Polygon", "coordinates": [ [ [ 90.799669861814479, 26.358624480447855 ], [ 90.79881458464537, 26.403737948163911 ], [ 90.848912242141935, 26.404500297209299 ], [ 90.849748090718009, 26.359385329434815 ], [ 90.799669861814479, 26.358624480447855 ] ] ] } },
{ "type": "Feature", "properties": { "sector_id": "Sector_D9", "mean_priority": 2.1776573114664104, "active_sar_pixels": 0, "tier": 1 }, "geometry": { "type": "Polygon", "coordinates": [ [ [ 90.747842178863394, 26.448069700548011 ], [ 90.797957283606905, 26.448851105561282 ], [ 90.79881458464537, 26.403737948163911 ], [ 90.752337417352351, 26.403014997774633 ], [ 90.75106199874638, 26.404315387034089 ], [ 90.7486269566121, 26.407696391848546 ], [ 90.747842178863394, 26.448069700548011 ] ] ] } },
{ "type": "Feature", "properties": { "sector_id": "Sector_E9", "mean_priority": 2.3553572039259945, "active_sar_pixels": 0, "tier": 1 }, "geometry": { "type": "Polygon", "coordinates": [ [ [ 90.79881458464537, 26.403737948163911 ], [ 90.797957283606905, 26.448851105561282 ], [ 90.848074415627693, 26.449614955800104 ], [ 90.848912242141935, 26.404500297209299 ], [ 90.79881458464537, 26.403737948163911 ] ] ] } },
{ "type": "Feature", "properties": { "sector_id": "Sector_E10", "mean_priority": 1.6884169488047605, "active_sar_pixels": 0, "tier": 1 }, "geometry": { "type": "Polygon", "coordinates": [ [ [ 90.797957283606905, 26.448851105561282 ], [ 90.797097955289331, 26.49396395223193 ], [ 90.847234607842651, 26.494729304802377 ], [ 90.848074415627693, 26.449614955800104 ], [ 90.797957283606905, 26.448851105561282 ] ] ] } },
{ "type": "Feature", "properties": { "sector_id": "Sector_D10", "mean_priority": 1.8202856626288193, "active_sar_pixels": 0, "tier": 1 }, "geometry": { "type": "Polygon", "coordinates": [ [ [ 90.797097955289331, 26.49396395223193 ], [ 90.797957283606905, 26.448851105561282 ], [ 90.747842178863394, 26.448069700548011 ], [ 90.747426076345718, 26.469441641096694 ], [ 90.753013318138244, 26.475158850957985 ], [ 90.753522356162506, 26.475555068702011 ], [ 90.753153060564742, 26.477301633173241 ], [ 90.75299087372214, 26.481100679128932 ], [ 90.753401784843362, 26.484629382670423 ], [ 90.753251614791424, 26.485264908966748 ], [ 90.752754755898053, 26.493272353953643 ], [ 90.797097955289331, 26.49396395223193 ] ] ] } },
{ "type": "Feature", "properties": { "sector_id": "Sector_E11", "mean_priority": 1.3991997537703909, "active_sar_pixels": 0, "tier": 1 }, "geometry": { "type": "Polygon", "coordinates": [ [ [ 90.797097955289331, 26.49396395223193 ], [ 90.796236596271754, 26.539076487768373 ], [ 90.846392815443338, 26.539843343811782 ], [ 90.847234607842651, 26.494729304802377 ], [ 90.797097955289331, 26.49396395223193 ] ] ] } },
{ "type": "Feature", "properties": { "sector_id": "Sector_D11", "mean_priority": 1.3447948328267476, "active_sar_pixels": 0, "tier": 1 }, "geometry": { "type": "Polygon", "coordinates": [ [ [ 90.796236596271754, 26.539076487768373 ], [ 90.797097955289331, 26.49396395223193 ], [ 90.752754755898053, 26.493272353953643 ], [ 90.752395436013302, 26.499062063657128 ], [ 90.756220693651983, 26.512445248658111 ], [ 90.7589883904283, 26.516423730522234 ], [ 90.759385593988085, 26.517846705520562 ], [ 90.767699969111149, 26.529786726292166 ], [ 90.777185974778391, 26.536938188742411 ], [ 90.776697291033045, 26.537492327323726 ], [ 90.775862995505861, 26.538759946058612 ], [ 90.796236596271754, 26.539076487768373 ] ] ] } },
{ "type": "Feature", "properties": { "sector_id": "Sector_D12", "mean_priority": 1.402653754244749, "active_sar_pixels": 0, "tier": 1 }, "geometry": { "type": "Polygon", "coordinates": [ [ [ 90.795373203122139, 26.584188711763652 ], [ 90.796236596271754, 26.539076487768373 ], [ 90.775862995505861, 26.538759946058612 ], [ 90.774261835792586, 26.541192630503968 ], [ 90.769249908447065, 26.551608298463677 ], [ 90.767830318768972, 26.556008875664705 ], [ 90.76585442433084, 26.56953676356893 ], [ 90.768465981354154, 26.582977236089981 ], [ 90.768924931055409, 26.58377657969584 ], [ 90.795373203122139, 26.584188711763652 ] ] ] } },
{ "type": "Feature", "properties": { "sector_id": "Sector_E12", "mean_priority": 1.4521623827009384, "active_sar_pixels": 0, "tier": 1 }, "geometry": { "type": "Polygon", "coordinates": [ [ [ 90.796236596271754, 26.539076487768373 ], [ 90.795373203122139, 26.584188711763652 ], [ 90.845549035075322, 26.584957072424551 ], [ 90.846392815443338, 26.539843343811782 ], [ 90.796236596271754, 26.539076487768373 ] ] ] } },
{ "type": "Feature", "properties": { "sector_id": "Sector_C10", "mean_priority": 2.5827814569536423, "active_sar_pixels": 0, "tier": 1 }, "geometry": { "type": "Polygon", "coordinates": [ [ [ 90.747842178863394, 26.448069700548011 ], [ 90.736720335688361, 26.447893902102948 ], [ 90.738105429891874, 26.454902620510847 ], [ 90.744015239178282, 26.465951094566844 ], [ 90.747426076345718, 26.469441641096694 ], [ 90.747842178863394, 26.448069700548011 ] ] ] } },
{ "type": "Feature", "properties": { "sector_id": "Sector_I11", "mean_priority": 1.3889401867241202, "active_sar_pixels": 0, "tier": 1 }, "geometry": { "type": "Polygon", "coordinates": [ [ [ 90.997656288780419, 26.496919800204047 ], [ 90.996873216051625, 26.542038142372128 ], [ 91.04703711000262, 26.542734476781401 ], [ 91.047800603161704, 26.497614769334959 ], [ 90.997656288780419, 26.496919800204047 ] ] ] } },
{ "type": "Feature", "properties": { "sector_id": "Sector_H11", "mean_priority": 1.4614069286276119, "active_sar_pixels": 0, "tier": 1 }, "geometry": { "type": "Polygon", "coordinates": [ [ [ 90.947513820690119, 26.496207231389228 ], [ 90.946711171512874, 26.541324173720866 ], [ 90.996873216051625, 26.542038142372128 ], [ 90.997656288780419, 26.496919800204047 ], [ 90.947513820690119, 26.496207231389228 ] ] ] } },
{ "type": "Feature", "properties": { "sector_id": "Sector_F11", "mean_priority": 1.3876748401217469, "active_sar_pixels": 0, "tier": 1 }, "geometry": { "type": "Polygon", "coordinates": [ [ [ 90.847234607842651, 26.494729304802377 ], [ 90.846392815443338, 26.539843343811782 ], [ 90.896551022581789, 26.540592573341996 ], [ 90.897373245008453, 26.495477065398692 ], [ 90.847234607842651, 26.494729304802377 ] ] ] } },
{ "type": "Feature", "properties": { "sector_id": "Sector_G11", "mean_priority": 1.5887732898136815, "active_sar_pixels": 0, "tier": 1 }, "geometry": { "type": "Polygon", "coordinates": [ [ [ 90.897373245008453, 26.495477065398692 ], [ 90.896551022581789, 26.540592573341996 ], [ 90.946711171512874, 26.541324173720866 ], [ 90.947513820690119, 26.496207231389228 ], [ 90.897373245008453, 26.495477065398692 ] ] ] } },
{ "type": "Feature", "properties": { "sector_id": "Sector_G12", "mean_priority": 1.4249932395889671, "active_sar_pixels": 0, "tier": 1 }, "geometry": { "type": "Polygon", "coordinates": [ [ [ 90.896551022581789, 26.540592573341996 ], [ 90.895726858360746, 26.585707772007002 ], [ 90.945906626726227, 26.586440807866364 ], [ 90.946711171512874, 26.541324173720866 ], [ 90.896551022581789, 26.540592573341996 ] ] ] } },
{ "type": "Feature", "properties": { "sector_id": "Sector_F12", "mean_priority": 1.4438664490684074, "active_sar_pixels": 0, "tier": 1 }, "geometry": { "type": "Polygon", "coordinates": [ [ [ 90.846392815443338, 26.539843343811782 ], [ 90.845549035075322, 26.584957072424551 ], [ 90.895726858360746, 26.585707772007002 ], [ 90.896551022581789, 26.540592573341996 ], [ 90.846392815443338, 26.539843343811782 ] ] ] } },
{ "type": "Feature", "properties": { "sector_id": "Sector_H12", "mean_priority": 1.451686386508908, "active_sar_pixels": 0, "tier": 1 }, "geometry": { "type": "Polygon", "coordinates": [ [ [ 90.946711171512874, 26.541324173720866 ], [ 90.945906626726227, 26.586440807866364 ], [ 90.996088293908841, 26.587156177420006 ], [ 90.996873216051625, 26.542038142372128 ], [ 90.946711171512874, 26.541324173720866 ] ] ] } },
{ "type": "Feature", "properties": { "sector_id": "Sector_H13", "mean_priority": 1.2302588830751342, "active_sar_pixels": 0, "tier": 1 }, "geometry": { "type": "Polygon", "coordinates": [ [ [ 90.945906626726227, 26.586440807866364 ], [ 90.945100183120687, 26.631557133428629 ], [ 90.995301519220618, 26.632273904953561 ], [ 90.996088293908841, 26.587156177420006 ], [ 90.945906626726227, 26.586440807866364 ] ] ] } },
{ "type": "Feature", "properties": { "sector_id": "Sector_G13", "mean_priority": 1.2618319053447573, "active_sar_pixels": 0, "tier": 1 }, "geometry": { "type": "Polygon", "coordinates": [ [ [ 90.895726858360746, 26.585707772007002 ], [ 90.894900749057854, 26.630822660993601 ], [ 90.945100183120687, 26.631557133428629 ], [ 90.945906626726227, 26.586440807866364 ], [ 90.895726858360746, 26.585707772007002 ] ] ] } },
{ "type": "Feature", "properties": { "sector_id": "Sector_H14", "mean_priority": 1.1391881262610717, "active_sar_pixels": 0, "tier": 1 }, "geometry": { "type": "Polygon", "coordinates": [ [ [ 90.945100183120687, 26.631557133428629 ], [ 90.9442918374763, 26.67667315001118 ], [ 90.994512888845222, 26.677391324579276 ], [ 90.995301519220618, 26.632273904953561 ], [ 90.945100183120687, 26.631557133428629 ] ] ] } },
{ "type": "Feature", "properties": { "sector_id": "Sector_J1", "mean_priority": 0.0, "active_sar_pixels": 0, "tier": 2 }, "geometry": { "type": "Polygon", "coordinates": [ [ [ 91.054591396145781, 26.091523693533734 ], [ 91.075294376664317, 26.091801479299406 ], [ 91.069072857198805, 26.087848265351745 ], [ 91.061454912189674, 26.086149047552329 ], [ 91.054917713158872, 26.08181924984218 ], [ 91.054752863952956, 26.081761338961183 ], [ 91.054591396145781, 26.091523693533734 ] ] ] } },
{ "type": "Feature", "properties": { "sector_id": "Sector_I1", "mean_priority": 0.0, "active_sar_pixels": 0, "tier": 2 }, "geometry": { "type": "Polygon", "coordinates": [ [ [ 91.004621231388327, 26.090840965594058 ], [ 91.054591396145781, 26.091523693533734 ], [ 91.054752863952956, 26.081761338961183 ], [ 91.04275773898982, 26.077546852583076 ], [ 91.036450254524041, 26.076151780522057 ], [ 91.023249101557667, 26.074871100488913 ], [ 91.010140326376742, 26.076774067774519 ], [ 91.006319462352664, 26.078339093552149 ], [ 91.004856723586187, 26.076958001397603 ], [ 91.004621231388327, 26.090840965594058 ] ] ] } },
{ "type": "Feature", "properties": { "sector_id": "Sector_K2", "mean_priority": 0.0, "active_sar_pixels": 0, "tier": 2 }, "geometry": { "type": "Polygon", "coordinates": [ [ [ 91.103835104200115, 26.137312895440317 ], [ 91.153827942959794, 26.137962323985789 ], [ 91.154167918278432, 26.116339380560262 ], [ 91.149320770472372, 26.114990875017973 ], [ 91.141173622806477, 26.114449828216234 ], [ 91.133457174480668, 26.111820752040721 ], [ 91.119224486352337, 26.109018531698691 ], [ 91.104701380683153, 26.110038577657235 ], [ 91.104273057766903, 26.110188585600532 ], [ 91.103835104200115, 26.137312895440317 ] ] ] } },
{ "type": "Feature", "properties": { "sector_id": "Sector_J2", "mean_priority": 0.0, "active_sar_pixels": 0, "tier": 2 }, "geometry": { "type": "Polygon", "coordinates": [ [ [ 91.054591396145781, 26.091523693533734 ], [ 91.053843996085035, 26.136646138003847 ], [ 91.103835104200115, 26.137312895440317 ], [ 91.104273057766903, 26.110188585600532 ], [ 91.096653145328702, 26.112856960464729 ], [ 91.096462299616164, 26.112262532382204 ], [ 91.087163192666409, 26.100220235761963 ], [ 91.084153123538272, 26.097429517512083 ], [ 91.075294376664317, 26.091801479299406 ], [ 91.054591396145781, 26.091523693533734 ] ] ] } },
{ "type": "Feature", "properties": { "sector_id": "Sector_I2", "mean_priority": 0.0, "active_sar_pixels": 0, "tier": 2 }, "geometry": { "type": "Polygon", "coordinates": [ [ [ 91.004621231388327, 26.090840965594058 ], [ 91.003854664138871, 26.135962054014382 ], [ 91.053843996085035, 26.136646138003847 ], [ 91.054591396145781, 26.091523693533734 ], [ 91.004621231388327, 26.090840965594058 ] ] ] } },
{ "type": "Feature", "properties": { "sector_id": "Sector_J3", "mean_priority": 1.5097239222086223, "active_sar_pixels": 0, "tier": 1 }, "geometry": { "type": "Polygon", "coordinates": [ [ [ 91.053843996085035, 26.136646138003847 ], [ 91.053094819853797, 26.181768279940592 ], [ 91.103105143637464, 26.18243636008399 ], [ 91.103835104200115, 26.137312895440317 ], [ 91.053843996085035, 26.136646138003847 ] ] ] } },
{ "type": "Feature", "properties": { "sector_id": "Sector_K3", "mean_priority": 1.6040089237425637, "active_sar_pixels": 0, "tier": 1 }, "geometry": { "type": "Polygon", "coordinates": [ [ [ 91.103835104200115, 26.137312895440317 ], [ 91.103105143637464, 26.18243636008399 ], [ 91.153117200955109, 26.183087076973717 ], [ 91.153827942959794, 26.137962323985789 ], [ 91.103835104200115, 26.137312895440317 ] ] ] } },
{ "type": "Feature", "properties": { "sector_id": "Sector_I3", "mean_priority": 1.5533115735074119, "active_sar_pixels": 0, "tier": 1 }, "geometry": { "type": "Polygon", "coordinates": [ [ [ 91.003854664138871, 26.135962054014382 ], [ 91.003086275204211, 26.181082838887324 ], [ 91.053094819853797, 26.181768279940592 ], [ 91.053843996085035, 26.136646138003847 ], [ 91.003854664138871, 26.135962054014382 ] ] ] } },
{ "type": "Feature", "properties": { "sector_id": "Sector_K4", "mean_priority": 2.2492180062559499, "active_sar_pixels": 0, "tier": 1 }, "geometry": { "type": "Polygon", "coordinates": [ [ [ 91.103105143637464, 26.18243636008399 ], [ 91.102373449539272, 26.227559522789036 ], [ 91.15240477102445, 26.228211528988552 ], [ 91.153117200955109, 26.183087076973717 ], [ 91.103105143637464, 26.18243636008399 ] ] ] } },
{ "type": "Feature", "properties": { "sector_id": "Sector_N2", "mean_priority": 0.0, "active_sar_pixels": 0, "tier": 2 }, "geometry": { "type": "Polygon", "coordinates": [ [ [ 91.253818630268995, 26.139209185354769 ], [ 91.255145921757119, 26.139225269551421 ], [ 91.25382263855866, 26.13893981062709 ], [ 91.253818630268995, 26.139209185354769 ] ] ] } },
{ "type": "Feature", "properties": { "sector_id": "Sector_N3", "mean_priority": 2.0678788623379813, "active_sar_pixels": 0, "tier": 1 }, "geometry": { "type": "Polygon", "coordinates": [ [ [ 91.253818630268995, 26.139209185354769 ], [ 91.253146333744951, 26.184336411920793 ], [ 91.294963129526082, 26.184838075835756 ], [ 91.294034698379534, 26.181507979234514 ], [ 91.287628393576398, 26.172876025001688 ], [ 91.283375718126493, 26.160717640734671 ], [ 91.273039250686608, 26.148427440745177 ], [ 91.258721802503558, 26.13999659230101 ], [ 91.255145921757119, 26.139225269551421 ], [ 91.253818630268995, 26.139209185354769 ] ] ] } },
{ "type": "Feature", "properties": { "sector_id": "Sector_M2", "mean_priority": 0.0, "active_sar_pixels": 0, "tier": 2 }, "geometry": { "type": "Polygon", "coordinates": [ [ [ 91.203822466830374, 26.13859442136286 ], [ 91.253818630268995, 26.139209185354769 ], [ 91.25382263855866, 26.13893981062709 ], [ 91.242096019321949, 26.136409556822315 ], [ 91.236999751626414, 26.136912266185355 ], [ 91.232616621475032, 26.136034689312385 ], [ 91.20392374792111, 26.131976176596524 ], [ 91.203822466830374, 26.13859442136286 ] ] ] } },
{ "type": "Feature", "properties": { "sector_id": "Sector_L2", "mean_priority": 0.0, "active_sar_pixels": 0, "tier": 2 }, "geometry": { "type": "Polygon", "coordinates": [ [ [ 91.153827942959794, 26.137962323985789 ], [ 91.203822466830374, 26.13859442136286 ], [ 91.20392374792111, 26.131976176596524 ], [ 91.191681958508212, 26.13024280555695 ], [ 91.184957420192575, 26.12838230576364 ], [ 91.170689633388349, 26.120934385179215 ], [ 91.154167918278432, 26.116339380560262 ], [ 91.153827942959794, 26.137962323985789 ] ] ] } },
{ "type": "Feature", "properties": { "sector_id": "Sector_L3", "mean_priority": 1.6689446484428125, "active_sar_pixels": 0, "tier": 1 }, "geometry": { "type": "Polygon", "coordinates": [ [ [ 91.153827942959794, 26.137962323985789 ], [ 91.153117200955109, 26.183087076973717 ], [ 91.203130946197177, 26.18372042832674 ], [ 91.203822466830374, 26.13859442136286 ], [ 91.153827942959794, 26.137962323985789 ] ] ] } },
{ "type": "Feature", "properties": { "sector_id": "Sector_M3", "mean_priority": 1.5978852169182647, "active_sar_pixels": 0, "tier": 1 }, "geometry": { "type": "Polygon", "coordinates": [ [ [ 91.203822466830374, 26.13859442136286 ], [ 91.203130946197177, 26.18372042832674 ], [ 91.253146333744951, 26.184336411920793 ], [ 91.253818630268995, 26.139209185354769 ], [ 91.203822466830374, 26.13859442136286 ] ] ] } },
{ "type": "Feature", "properties": { "sector_id": "Sector_L4", "mean_priority": 2.3522793338121133, "active_sar_pixels": 0, "tier": 1 }, "geometry": { "type": "Polygon", "coordinates": [ [ [ 91.153117200955109, 26.183087076973717 ], [ 91.15240477102445, 26.228211528988552 ], [ 91.202437783256784, 26.228846135257385 ], [ 91.203130946197177, 26.18372042832674 ], [ 91.153117200955109, 26.183087076973717 ] ] ] } },
{ "type": "Feature", "properties": { "sector_id": "Sector_M4", "mean_priority": 2.1152833350432614, "active_sar_pixels": 0, "tier": 1 }, "geometry": { "type": "Polygon", "coordinates": [ [ [ 91.203130946197177, 26.18372042832674 ], [ 91.202437783256784, 26.228846135257385 ], [ 91.25247244054141, 26.229463339367754 ], [ 91.253146333744951, 26.184336411920793 ], [ 91.203130946197177, 26.18372042832674 ] ] ] } },
{ "type": "Feature", "properties": { "sector_id": "Sector_K5", "mean_priority": 2.2642458860329118, "active_sar_pixels": 0, "tier": 1 }, "geometry": { "type": "Polygon", "coordinates": [ [ [ 91.102373449539272, 26.227559522789036 ], [ 91.101640019006723, 26.272682383162358 ], [ 91.151690650345103, 26.273335679639889 ], [ 91.15240477102445, 26.228211528988552 ], [ 91.102373449539272, 26.227559522789036 ] ] ] } },
{ "type": "Feature", "properties": { "sector_id": "Sector_M5", "mean_priority": 2.1019800964399304, "active_sar_pixels": 139, "tier": 1 }, "geometry": { "type": "Polygon", "coordinates": [ [ [ 91.202437783256784, 26.228846135257385 ], [ 91.201742975262604, 26.273971541766993 ], [ 91.251796947987955, 26.274589967310394 ], [ 91.25247244054141, 26.229463339367754 ], [ 91.202437783256784, 26.228846135257385 ] ] ] } },
{ "type": "Feature", "properties": { "sector_id": "Sector_N4", "mean_priority": 2.1361603512766303, "active_sar_pixels": 0, "tier": 1 }, "geometry": { "type": "Polygon", "coordinates": [ [ [ 91.253146333744951, 26.184336411920793 ], [ 91.25247244054141, 26.229463339367754 ], [ 91.284752532486607, 26.229852285144826 ], [ 91.289245215900124, 26.225793958066319 ], [ 91.296547491251218, 26.211836291247113 ], [ 91.298208004356624, 26.196475416747038 ], [ 91.294963129526082, 26.184838075835756 ], [ 91.253146333744951, 26.184336411920793 ] ] ] } },
{ "type": "Feature", "properties": { "sector_id": "Sector_O5", "mean_priority": 1.5159010600706713, "active_sar_pixels": 0, "tier": 1 }, "geometry": { "type": "Polygon", "coordinates": [ [ [ 91.301852522740973, 26.275190954097909 ], [ 91.306951189672688, 26.275251190937666 ], [ 91.301974230118972, 26.26682873309019 ], [ 91.301852522740973, 26.275190954097909 ] ] ] } },
{ "type": "Feature", "properties": { "sector_id": "Sector_N5", "mean_priority": 2.1341129101344984, "active_sar_pixels": 0, "tier": 1 }, "geometry": { "type": "Polygon", "coordinates": [ [ [ 91.25247244054141, 26.229463339367754 ], [ 91.251796947987955, 26.274589967310394 ], [ 91.301852522740973, 26.275190954097909 ], [ 91.301974230118972, 26.26682873309019 ], [ 91.300159278959526, 26.263756981482675 ], [ 91.297046164240442, 26.260110190497379 ], [ 91.288246030585171, 26.252392998345286 ], [ 91.287831095037717, 26.246287059897089 ], [ 91.286424481717489, 26.241226362035935 ], [ 91.282318846163818, 26.232050496912851 ], [ 91.284752532486607, 26.229852285144826 ], [ 91.25247244054141, 26.229463339367754 ] ] ] } },
{ "type": "Feature", "properties": { "sector_id": "Sector_O6", "mean_priority": 2.5451269451269449, "active_sar_pixels": 0, "tier": 1 }, "geometry": { "type": "Polygon", "coordinates": [ [ [ 91.301852522740973, 26.275190954097909 ], [ 91.30119479206725, 26.320318470047457 ], [ 91.319757940506207, 26.320537256195244 ], [ 91.318728013399479, 26.318310520676931 ], [ 91.31791731929691, 26.317417522193633 ], [ 91.314112906881235, 26.307648081850989 ], [ 91.310160390438455, 26.300678668125546 ], [ 91.309705291517929, 26.296001023156151 ], [ 91.310548618422331, 26.291740332180485 ], [ 91.307961978205654, 26.27696157684629 ], [ 91.306951189672688, 26.275251190937666 ], [ 91.301852522740973, 26.275190954097909 ] ] ] } },
{ "type": "Feature", "properties": { "sector_id": "Sector_N6", "mean_priority": 2.5163298108819809, "active_sar_pixels": 1126, "tier": 1 }, "geometry": { "type": "Polygon", "coordinates": [ [ [ 91.251796947987955, 26.274589967310394 ], [ 91.251119853405342, 26.319716295364088 ], [ 91.30119479206725, 26.320318470047457 ], [ 91.301852522740973, 26.275190954097909 ], [ 91.251796947987955, 26.274589967310394 ] ] ] } },
{ "type": "Feature", "properties": { "sector_id": "Sector_O7", "mean_priority": 2.4284018711163862, "active_sar_pixels": 0, "tier": 1 }, "geometry": { "type": "Polygon", "coordinates": [ [ [ 91.30119479206725, 26.320318470047457 ], [ 91.300535502542161, 26.36544568661995 ], [ 91.328492568800812, 26.365774796010864 ], [ 91.327925792814938, 26.359831124792088 ], [ 91.326558396401111, 26.3568595477606 ], [ 91.326024078199964, 26.345328854225894 ], [ 91.325777546470093, 26.344332662007353 ], [ 91.325820791178089, 26.343387768986535 ], [ 91.324311538345199, 26.330381239915138 ], [ 91.319757940506207, 26.320537256195244 ], [ 91.30119479206725, 26.320318470047457 ] ] ] } },
{ "type": "Feature", "properties": { "sector_id": "Sector_J4", "mean_priority": 2.2747854040559488, "active_sar_pixels": 0, "tier": 1 }, "geometry": { "type": "Polygon", "coordinates": [ [ [ 91.053094819853797, 26.181768279940592 ], [ 91.052343864486858, 26.226890118947523 ], [ 91.102373449539272, 26.227559522789036 ], [ 91.103105143637464, 26.18243636008399 ], [ 91.053094819853797, 26.181768279940592 ] ] ] } },
{ "type": "Feature", "properties": { "sector_id": "Sector_I4", "mean_priority": 2.2442118942580622, "active_sar_pixels": 0, "tier": 1 }, "geometry": { "type": "Polygon", "coordinates": [ [ [ 91.003086275204211, 26.181082838887324 ], [ 91.002316061543382, 26.226203319813592 ], [ 91.052343864486858, 26.226890118947523 ], [ 91.053094819853797, 26.181768279940592 ], [ 91.003086275204211, 26.181082838887324 ] ] ] } },
{ "type": "Feature", "properties": { "sector_id": "Sector_I5", "mean_priority": 2.3811771143257756, "active_sar_pixels": 0, "tier": 1 }, "geometry": { "type": "Polygon", "coordinates": [ [ [ 91.002316061543382, 26.226203319813592 ], [ 91.001544020105513, 26.271323496394494 ], [ 91.05159112700936, 26.272011654628759 ], [ 91.052343864486858, 26.226890118947523 ], [ 91.002316061543382, 26.226203319813592 ] ] ] } },
{ "type": "Feature", "properties": { "sector_id": "Sector_J5", "mean_priority": 2.478848192606272, "active_sar_pixels": 0, "tier": 1 }, "geometry": { "type": "Polygon", "coordinates": [ [ [ 91.052343864486858, 26.226890118947523 ], [ 91.05159112700936, 26.272011654628759 ], [ 91.101640019006723, 26.272682383162358 ], [ 91.102373449539272, 26.227559522789036 ], [ 91.052343864486858, 26.226890118947523 ] ] ] } },
{ "type": "Feature", "properties": { "sector_id": "Sector_I6", "mean_priority": 2.5020006155740226, "active_sar_pixels": 0, "tier": 1 }, "geometry": { "type": "Polygon", "coordinates": [ [ [ 91.001544020105513, 26.271323496394494 ], [ 91.000770147829741, 26.316443368231898 ], [ 91.050836604436725, 26.317132886589029 ], [ 91.05159112700936, 26.272011654628759 ], [ 91.001544020105513, 26.271323496394494 ] ] ] } },
{ "type": "Feature", "properties": { "sector_id": "Sector_J6", "mean_priority": 2.7380390547518894, "active_sar_pixels": 0, "tier": 1 }, "geometry": { "type": "Polygon", "coordinates": [ [ [ 91.05159112700936, 26.272011654628759 ], [ 91.050836604436725, 26.317132886589029 ], [ 91.100904849131538, 26.317804940811438 ], [ 91.101640019006723, 26.272682383162358 ], [ 91.05159112700936, 26.272011654628759 ] ] ] } },
{ "type": "Feature", "properties": { "sector_id": "Sector_I7", "mean_priority": 2.2792312164426662, "active_sar_pixels": 0, "tier": 1 }, "geometry": { "type": "Polygon", "coordinates": [ [ [ 91.000770147829741, 26.316443368231898 ], [ 90.999994441645242, 26.361562934928248 ], [ 91.050080293774656, 26.362253814433611 ], [ 91.050836604436725, 26.317132886589029 ], [ 91.000770147829741, 26.316443368231898 ] ] ] } },
{ "type": "Feature", "properties": { "sector_id": "Sector_J7", "mean_priority": 2.7480934304572346, "active_sar_pixels": 0, "tier": 1 }, "geometry": { "type": "Polygon", "coordinates": [ [ [ 91.050836604436725, 26.317132886589029 ], [ 91.050080293774656, 26.362253814433611 ], [ 91.100167936995973, 26.362927195344334 ], [ 91.100904849131538, 26.317804940811438 ], [ 91.050836604436725, 26.317132886589029 ] ] ] } },
{ "type": "Feature", "properties": { "sector_id": "Sector_I8", "mean_priority": 2.4421664626682986, "active_sar_pixels": 0, "tier": 1 }, "geometry": { "type": "Polygon", "coordinates": [ [ [ 90.999994441645242, 26.361562934928248 ], [ 90.999216898471161, 26.406682196086567 ], [ 91.049322192019034, 26.407374437768397 ], [ 91.050080293774656, 26.362253814433611 ], [ 90.999994441645242, 26.361562934928248 ] ] ] } },
{ "type": "Feature", "properties": { "sector_id": "Sector_J8", "mean_priority": 2.3819189446484428, "active_sar_pixels": 0, "tier": 1 }, "geometry": { "type": "Polygon", "coordinates": [ [ [ 91.050080293774656, 26.362253814433611 ], [ 91.049322192019034, 26.407374437768397 ], [ 91.099429279672719, 26.408049146369724 ], [ 91.100167936995973, 26.362927195344334 ], [ 91.050080293774656, 26.362253814433611 ] ] ] } },
{ "type": "Feature", "properties": { "sector_id": "Sector_L5", "mean_priority": 2.3831264320645671, "active_sar_pixels": 0, "tier": 1 }, "geometry": { "type": "Polygon", "coordinates": [ [ [ 91.15240477102445, 26.228211528988552 ], [ 91.151690650345103, 26.273335679639889 ], [ 91.201742975262604, 26.273971541766993 ], [ 91.202437783256784, 26.228846135257385 ], [ 91.15240477102445, 26.228211528988552 ] ] ] } },
{ "type": "Feature", "properties": { "sector_id": "Sector_M6", "mean_priority": 2.6971375807940903, "active_sar_pixels": 1428, "tier": 1 }, "geometry": { "type": "Polygon", "coordinates": [ [ [ 91.201742975262604, 26.273971541766993 ], [ 91.201046519459027, 26.319096647468378 ], [ 91.251119853405342, 26.319716295364088 ], [ 91.251796947987955, 26.274589967310394 ], [ 91.201742975262604, 26.273971541766993 ] ] ] } },
{ "type": "Feature", "properties": { "sector_id": "Sector_K6", "mean_priority": 2.6141710866313068, "active_sar_pixels": 0, "tier": 1 }, "geometry": { "type": "Polygon", "coordinates": [ [ [ 91.101640019006723, 26.272682383162358 ], [ 91.100904849131538, 26.317804940811438 ], [ 91.150974836085155, 26.318459528537897 ], [ 91.151690650345103, 26.273335679639889 ], [ 91.101640019006723, 26.272682383162358 ] ] ] } },
{ "type": "Feature", "properties": { "sector_id": "Sector_L6", "mean_priority": 2.4789165897199137, "active_sar_pixels": 0, "tier": 1 }, "geometry": { "type": "Polygon", "coordinates": [ [ [ 91.151690650345103, 26.273335679639889 ], [ 91.150974836085155, 26.318459528537897 ], [ 91.201046519459027, 26.319096647468378 ], [ 91.201742975262604, 26.273971541766993 ], [ 91.151690650345103, 26.273335679639889 ] ] ] } },
{ "type": "Feature", "properties": { "sector_id": "Sector_K7", "mean_priority": 2.6569767441860463, "active_sar_pixels": 0, "tier": 1 }, "geometry": { "type": "Polygon", "coordinates": [ [ [ 91.100904849131538, 26.317804940811438 ], [ 91.100167936995973, 26.362927195344334 ], [ 91.150257325403388, 26.363583075293349 ], [ 91.150974836085155, 26.318459528537897 ], [ 91.100904849131538, 26.317804940811438 ] ] ] } },
{ "type": "Feature", "properties": { "sector_id": "Sector_L7", "mean_priority": 2.6699497281214732, "active_sar_pixels": 0, "tier": 1 }, "geometry": { "type": "Polygon", "coordinates": [ [ [ 91.150974836085155, 26.318459528537897 ], [ 91.150257325403388, 26.363583075293349 ], [ 91.200348413081514, 26.364221451974949 ], [ 91.201046519459027, 26.319096647468378 ], [ 91.150974836085155, 26.318459528537897 ] ] ] } },
{ "type": "Feature", "properties": { "sector_id": "Sector_M7", "mean_priority": 2.7139974693067952, "active_sar_pixels": 955, "tier": 1 }, "geometry": { "type": "Polygon", "coordinates": [ [ [ 91.201046519459027, 26.319096647468378 ], [ 91.200348413081514, 26.364221451974949 ], [ 91.250441154105701, 26.364842323144796 ], [ 91.251119853405342, 26.319716295364088 ], [ 91.201046519459027, 26.319096647468378 ] ] ] } },
{ "type": "Feature", "properties": { "sector_id": "Sector_L8", "mean_priority": 2.4367265061879504, "active_sar_pixels": 0, "tier": 1 }, "geometry": { "type": "Polygon", "coordinates": [ [ [ 91.150257325403388, 26.363583075293349 ], [ 91.149538115449346, 26.408706319517631 ], [ 91.199648653356462, 26.409345954900719 ], [ 91.200348413081514, 26.364221451974949 ], [ 91.150257325403388, 26.363583075293349 ] ] ] } },
{ "type": "Feature", "properties": { "sector_id": "Sector_M8", "mean_priority": 2.6478988168094655, "active_sar_pixels": 57, "tier": 1 }, "geometry": { "type": "Polygon", "coordinates": [ [ [ 91.200348413081514, 26.364221451974949 ], [ 91.199648653356462, 26.409345954900719 ], [ 91.249760847392267, 26.409968050269107 ], [ 91.250441154105701, 26.364842323144796 ], [ 91.200348413081514, 26.364221451974949 ] ] ] } },
{ "type": "Feature", "properties": { "sector_id": "Sector_K8", "mean_priority": 2.3666170903190915, "active_sar_pixels": 0, "tier": 1 }, "geometry": { "type": "Polygon", "coordinates": [ [ [ 91.100167936995973, 26.362927195344334 ], [ 91.099429279672719, 26.408049146369724 ], [ 91.149538115449346, 26.408706319517631 ], [ 91.150257325403388, 26.363583075293349 ], [ 91.100167936995973, 26.362927195344334 ] ] ] } },
{ "type": "Feature", "properties": { "sector_id": "Sector_N7", "mean_priority": 2.9544133237577372, "active_sar_pixels": 1104, "tier": 1 }, "geometry": { "type": "Polygon", "coordinates": [ [ [ 91.251119853405342, 26.319716295364088 ], [ 91.250441154105701, 26.364842323144796 ], [ 91.300535502542161, 26.36544568661995 ], [ 91.30119479206725, 26.320318470047457 ], [ 91.251119853405342, 26.319716295364088 ] ] ] } },
{ "type": "Feature", "properties": { "sector_id": "Sector_O8", "mean_priority": 2.5036003941484122, "active_sar_pixels": 0, "tier": 1 }, "geometry": { "type": "Polygon", "coordinates": [ [ [ 91.300535502542161, 26.36544568661995 ], [ 91.299874651545878, 26.410572603434449 ], [ 91.305741021531091, 26.41064222474078 ], [ 91.306275816895138, 26.410411634625948 ], [ 91.317257316440958, 26.401270402732596 ], [ 91.324753159243244, 26.389617792678713 ], [ 91.325867088210501, 26.387071199750142 ], [ 91.329238326142729, 26.373594760952138 ], [ 91.328492568800812, 26.365774796010864 ], [ 91.300535502542161, 26.36544568661995 ] ] ] } },
{ "type": "Feature", "properties": { "sector_id": "Sector_N8", "mean_priority": 2.644906840745274, "active_sar_pixels": 345, "tier": 1 }, "geometry": { "type": "Polygon", "coordinates": [ [ [ 91.250441154105701, 26.364842323144796 ], [ 91.249760847392267, 26.409968050269107 ], [ 91.299874651545878, 26.410572603434449 ], [ 91.300535502542161, 26.36544568661995 ], [ 91.250441154105701, 26.364842323144796 ] ] ] } },
{ "type": "Feature", "properties": { "sector_id": "Sector_O9", "mean_priority": 1.1379310344827587, "active_sar_pixels": 0, "tier": 1 }, "geometry": { "type": "MultiPolygon", "coordinates": [ [ [ [ 91.299212236450074, 26.455699220110667 ], [ 91.30211377147613, 26.455733739677953 ], [ 91.299269015109061, 26.451835396579519 ], [ 91.299212236450074, 26.455699220110667 ] ] ], [ [ [ 91.299874651545878, 26.410572603434449 ], [ 91.299836303043378, 26.413187990028554 ], [ 91.305741021531091, 26.41064222474078 ], [ 91.299874651545878, 26.410572603434449 ] ] ] ] } },
{ "type": "Feature", "properties": { "sector_id": "Sector_N9", "mean_priority": 2.0021485827617553, "active_sar_pixels": 0, "tier": 1 }, "geometry": { "type": "Polygon", "coordinates": [ [ [ 91.299874651545878, 26.410572603434449 ], [ 91.249760847392267, 26.409968050269107 ], [ 91.249078930559548, 26.455093476354204 ], [ 91.299212236450074, 26.455699220110667 ], [ 91.299269015109061, 26.451835396579519 ], [ 91.292599302234436, 26.442694282425748 ], [ 91.286260251986974, 26.43566060296645 ], [ 91.283102474414036, 26.432798892032245 ], [ 91.282839398316582, 26.431930500378733 ], [ 91.28596688459119, 26.423445997730457 ], [ 91.286981923850448, 26.417000453210058 ], [ 91.292786629270111, 26.416226915148055 ], [ 91.299836303043378, 26.413187990028554 ], [ 91.299874651545878, 26.410572603434449 ] ] ] } },
{ "type": "Feature", "properties": { "sector_id": "Sector_O10", "mean_priority": 1.3308767471410419, "active_sar_pixels": 0, "tier": 1 }, "geometry": { "type": "Polygon", "coordinates": [ [ [ 91.299212236450074, 26.455699220110667 ], [ 91.298548254617828, 26.500825536268881 ], [ 91.314812822919393, 26.501018579214541 ], [ 91.315942242864296, 26.491510985613498 ], [ 91.315618626365961, 26.485598219063558 ], [ 91.313208073447996, 26.473825471275592 ], [ 91.30744386985603, 26.463037074377727 ], [ 91.30211377147613, 26.455733739677953 ], [ 91.299212236450074, 26.455699220110667 ] ] ] } },
{ "type": "Feature", "properties": { "sector_id": "Sector_N10", "mean_priority": 1.5037447419718888, "active_sar_pixels": 0, "tier": 1 }, "geometry": { "type": "Polygon", "coordinates": [ [ [ 91.249078930559548, 26.455093476354204 ], [ 91.248395400893202, 26.500218601017878 ], [ 91.298548254617828, 26.500825536268881 ], [ 91.299212236450074, 26.455699220110667 ], [ 91.249078930559548, 26.455093476354204 ] ] ] } },
{ "type": "Feature", "properties": { "sector_id": "Sector_L9", "mean_priority": 2.4106562703053931, "active_sar_pixels": 0, "tier": 1 }, "geometry": { "type": "Polygon", "coordinates": [ [ [ 91.149538115449346, 26.408706319517631 ], [ 91.148817203363265, 26.453829260822705 ], [ 91.198947237501187, 26.454470155860307 ], [ 91.199648653356462, 26.409345954900719 ], [ 91.149538115449346, 26.408706319517631 ] ] ] } },
{ "type": "Feature", "properties": { "sector_id": "Sector_K9", "mean_priority": 2.3798789609683122, "active_sar_pixels": 0, "tier": 1 }, "geometry": { "type": "Polygon", "coordinates": [ [ [ 91.099429279672719, 26.408049146369724 ], [ 91.098688874224933, 26.453170793496845 ], [ 91.148817203363265, 26.453829260822705 ], [ 91.149538115449346, 26.408706319517631 ], [ 91.099429279672719, 26.408049146369724 ] ] ] } },
{ "type": "Feature", "properties": { "sector_id": "Sector_M9", "mean_priority": 2.5023767996990527, "active_sar_pixels": 0, "tier": 1 }, "geometry": { "type": "Polygon", "coordinates": [ [ [ 91.199648653356462, 26.409345954900719 ], [ 91.198947237501187, 26.454470155860307 ], [ 91.249078930559548, 26.455093476354204 ], [ 91.249760847392267, 26.409968050269107 ], [ 91.199648653356462, 26.409345954900719 ] ] ] } },
{ "type": "Feature", "properties": { "sector_id": "Sector_L10", "mean_priority": 2.3706781573817586, "active_sar_pixels": 0, "tier": 1 }, "geometry": { "type": "Polygon", "coordinates": [ [ [ 91.148817203363265, 26.453829260822705 ], [ 91.148094586276017, 26.498951898821129 ], [ 91.198244162723981, 26.499594054468908 ], [ 91.198947237501187, 26.454470155860307 ], [ 91.148817203363265, 26.453829260822705 ] ] ] } },
{ "type": "Feature", "properties": { "sector_id": "Sector_M10", "mean_priority": 1.6113676002872679, "active_sar_pixels": 0, "tier": 1 }, "geometry": { "type": "Polygon", "coordinates": [ [ [ 91.198947237501187, 26.454470155860307 ], [ 91.198244162723981, 26.499594054468908 ], [ 91.248395400893202, 26.500218601017878 ], [ 91.249078930559548, 26.455093476354204 ], [ 91.198947237501187, 26.454470155860307 ] ] ] } },
{ "type": "Feature", "properties": { "sector_id": "Sector_L11", "mean_priority": 1.4950583085393796, "active_sar_pixels": 0, "tier": 1 }, "geometry": { "type": "Polygon", "coordinates": [ [ [ 91.148094586276017, 26.498951898821129 ], [ 91.147370261309149, 26.544074233126054 ], [ 91.19753942622394, 26.544717650342353 ], [ 91.198244162723981, 26.499594054468908 ], [ 91.148094586276017, 26.498951898821129 ] ] ] } },
{ "type": "Feature", "properties": { "sector_id": "Sector_N11", "mean_priority": 1.512431175404398, "active_sar_pixels": 0, "tier": 1 }, "geometry": { "type": "Polygon", "coordinates": [ [ [ 91.248395400893202, 26.500218601017878 ], [ 91.247710255670015, 26.545343423878531 ], [ 91.297882703403559, 26.54595155153002 ], [ 91.298548254617828, 26.500825536268881 ], [ 91.248395400893202, 26.500218601017878 ] ] ] } },
{ "type": "Feature", "properties": { "sector_id": "Sector_M11", "mean_priority": 1.4345952600800247, "active_sar_pixels": 0, "tier": 1 }, "geometry": { "type": "Polygon", "coordinates": [ [ [ 91.198244162723981, 26.499594054468908 ], [ 91.19753942622394, 26.544717650342353 ], [ 91.247710255670015, 26.545343423878531 ], [ 91.248395400893202, 26.500218601017878 ], [ 91.198244162723981, 26.499594054468908 ] ] ] } },
{ "type": "Feature", "properties": { "sector_id": "Sector_L12", "mean_priority": 1.4397864817081463, "active_sar_pixels": 0, "tier": 1 }, "geometry": { "type": "Polygon", "coordinates": [ [ [ 91.147370261309149, 26.544074233126054 ], [ 91.146644225574775, 26.589196263351244 ], [ 91.196833025191069, 26.589840943097055 ], [ 91.19753942622394, 26.544717650342353 ], [ 91.147370261309149, 26.544074233126054 ] ] ] } },
{ "type": "Feature", "properties": { "sector_id": "Sector_M12", "mean_priority": 1.4705902352781177, "active_sar_pixels": 0, "tier": 1 }, "geometry": { "type": "Polygon", "coordinates": [ [ [ 91.19753942622394, 26.544717650342353 ], [ 91.196833025191069, 26.589840943097055 ], [ 91.247023492157837, 26.590467944555183 ], [ 91.247710255670015, 26.545343423878531 ], [ 91.19753942622394, 26.544717650342353 ] ] ] } },
{ "type": "Feature", "properties": { "sector_id": "Sector_I9", "mean_priority": 2.3916076741561505, "active_sar_pixels": 0, "tier": 1 }, "geometry": { "type": "Polygon", "coordinates": [ [ [ 90.999216898471161, 26.406682196086567 ], [ 90.998437515216551, 26.451801151310441 ], [ 91.048562296155964, 26.45249475619983 ], [ 91.049322192019034, 26.407374437768397 ], [ 90.999216898471161, 26.406682196086567 ] ] ] } },
{ "type": "Feature", "properties": { "sector_id": "Sector_J9", "mean_priority": 2.1744126397866008, "active_sar_pixels": 0, "tier": 1 }, "geometry": { "type": "Polygon", "coordinates": [ [ [ 91.049322192019034, 26.407374437768397 ], [ 91.048562296155964, 26.45249475619983 ], [ 91.098688874224933, 26.453170793496845 ], [ 91.099429279672719, 26.408049146369724 ], [ 91.049322192019034, 26.407374437768397 ] ] ] } },
{ "type": "Feature", "properties": { "sector_id": "Sector_J10", "mean_priority": 2.0288635819568412, "active_sar_pixels": 0, "tier": 1 }, "geometry": { "type": "Polygon", "coordinates": [ [ [ 91.048562296155964, 26.45249475619983 ], [ 91.047800603161704, 26.497614769334959 ], [ 91.097946717706151, 26.498292136335529 ], [ 91.098688874224933, 26.453170793496845 ], [ 91.048562296155964, 26.45249475619983 ] ] ] } },
{ "type": "Feature", "properties": { "sector_id": "Sector_I10", "mean_priority": 2.1223282377483672, "active_sar_pixels": 0, "tier": 1 }, "geometry": { "type": "Polygon", "coordinates": [ [ [ 90.998437515216551, 26.451801151310441 ], [ 90.997656288780419, 26.496919800204047 ], [ 91.047800603161704, 26.497614769334959 ], [ 91.048562296155964, 26.45249475619983 ], [ 90.998437515216551, 26.451801151310441 ] ] ] } },
{ "type": "Feature", "properties": { "sector_id": "Sector_K10", "mean_priority": 2.1627566979464166, "active_sar_pixels": 0, "tier": 1 }, "geometry": { "type": "Polygon", "coordinates": [ [ [ 91.098688874224933, 26.453170793496845 ], [ 91.097946717706151, 26.498292136335529 ], [ 91.148094586276017, 26.498951898821129 ], [ 91.148817203363265, 26.453829260822705 ], [ 91.098688874224933, 26.453170793496845 ] ] ] } },
{ "type": "Feature", "properties": { "sector_id": "Sector_K11", "mean_priority": 1.715252277981776, "active_sar_pixels": 0, "tier": 1 }, "geometry": { "type": "Polygon", "coordinates": [ [ [ 91.097946717706151, 26.498292136335529 ], [ 91.097202807160315, 26.543413174496216 ], [ 91.147370261309149, 26.544074233126054 ], [ 91.148094586276017, 26.498951898821129 ], [ 91.097946717706151, 26.498292136335529 ] ] ] } },
{ "type": "Feature", "properties": { "sector_id": "Sector_J11", "mean_priority": 1.6665982695530248, "active_sar_pixels": 0, "tier": 1 }, "geometry": { "type": "Polygon", "coordinates": [ [ [ 91.047800603161704, 26.497614769334959 ], [ 91.04703711000262, 26.542734476781401 ], [ 91.097202807160315, 26.543413174496216 ], [ 91.097946717706151, 26.498292136335529 ], [ 91.047800603161704, 26.497614769334959 ] ] ] } },
{ "type": "Feature", "properties": { "sector_id": "Sector_I12", "mean_priority": 1.4114307085543316, "active_sar_pixels": 0, "tier": 1 }, "geometry": { "type": "Polygon", "coordinates": [ [ [ 90.996873216051625, 26.542038142372128 ], [ 90.996088293908841, 26.587156177420006 ], [ 91.046271813635215, 26.587853878147357 ], [ 91.04703711000262, 26.542734476781401 ], [ 90.996873216051625, 26.542038142372128 ] ] ] } },
{ "type": "Feature", "properties": { "sector_id": "Sector_J12", "mean_priority": 1.3823949408404732, "active_sar_pixels": 0, "tier": 1 }, "geometry": { "type": "Polygon", "coordinates": [ [ [ 91.04703711000262, 26.542734476781401 ], [ 91.046271813635215, 26.587853878147357 ], [ 91.09645713962172, 26.588533907589902 ], [ 91.097202807160315, 26.543413174496216 ], [ 91.04703711000262, 26.542734476781401 ] ] ] } },
{ "type": "Feature", "properties": { "sector_id": "Sector_K12", "mean_priority": 1.4172525689561926, "active_sar_pixels": 0, "tier": 1 }, "geometry": { "type": "Polygon", "coordinates": [ [ [ 91.097202807160315, 26.543413174496216 ], [ 91.09645713962172, 26.588533907589902 ], [ 91.146644225574775, 26.589196263351244 ], [ 91.147370261309149, 26.544074233126054 ], [ 91.097202807160315, 26.543413174496216 ] ] ] } },
{ "type": "Feature", "properties": { "sector_id": "Sector_O11", "mean_priority": 1.4987012987012986, "active_sar_pixels": 0, "tier": 1 }, "geometry": { "type": "Polygon", "coordinates": [ [ [ 91.298548254617828, 26.500825536268881 ], [ 91.297882703403559, 26.54595155153002 ], [ 91.337039567521231, 26.546413888062297 ], [ 91.329152785307116, 26.534060447204265 ], [ 91.316199222395298, 26.524084181026417 ], [ 91.310117610872183, 26.52082432142825 ], [ 91.307500416572637, 26.518880403811913 ], [ 91.307975508087523, 26.518218877528646 ], [ 91.314288997740618, 26.505427530911643 ], [ 91.314812822919393, 26.501018579214541 ], [ 91.298548254617828, 26.500825536268881 ] ] ] } },
{ "type": "Feature", "properties": { "sector_id": "Sector_O12", "mean_priority": 1.2285313704872065, "active_sar_pixels": 0, "tier": 1 }, "geometry": { "type": "Polygon", "coordinates": [ [ [ 91.297882703403559, 26.54595155153002 ], [ 91.297215580153122, 26.591077265515622 ], [ 91.338607361790864, 26.591566434996619 ], [ 91.339893589773055, 26.588154060077201 ], [ 91.340766769170443, 26.583439403772488 ], [ 91.342767168364944, 26.578374684061735 ], [ 91.343288209426419, 26.564568715053724 ], [ 91.339141251302749, 26.551267722866378 ], [ 91.338163598964499, 26.549927560793567 ], [ 91.337645432826918, 26.547362761806326 ], [ 91.337039567521231, 26.546413888062297 ], [ 91.297882703403559, 26.54595155153002 ] ] ] } },
{ "type": "Feature", "properties": { "sector_id": "Sector_N12", "mean_priority": 1.4113967088263293, "active_sar_pixels": 72, "tier": 1 }, "geometry": { "type": "Polygon", "coordinates": [ [ [ 91.247710255670015, 26.545343423878531 ], [ 91.247023492157837, 26.590467944555183 ], [ 91.297215580153122, 26.591077265515622 ], [ 91.297882703403559, 26.54595155153002 ], [ 91.247710255670015, 26.545343423878531 ] ] ] } },
{ "type": "Feature", "properties": { "sector_id": "Sector_O13", "mean_priority": 1.0711472493965188, "active_sar_pixels": 0, "tier": 1 }, "geometry": { "type": "Polygon", "coordinates": [ [ [ 91.297215580153122, 26.591077265515622 ], [ 91.296546882203657, 26.636202677847816 ], [ 91.314933031376356, 26.636421795285198 ], [ 91.312159962906193, 26.633307620632518 ], [ 91.314109064186994, 26.620089661664903 ], [ 91.324916713279265, 26.613486368671126 ], [ 91.334704729541983, 26.601918728762744 ], [ 91.338607361790864, 26.591566434996619 ], [ 91.297215580153122, 26.591077265515622 ] ] ] } },
{ "type": "Feature", "properties": { "sector_id": "Sector_O14", "mean_priority": 1.0952526643210443, "active_sar_pixels": 0, "tier": 1 }, "geometry": { "type": "Polygon", "coordinates": [ [ [ 91.296546882203657, 26.636202677847816 ], [ 91.29587660688361, 26.6813277881494 ], [ 91.338930660977496, 26.681837949686653 ], [ 91.337619715093481, 26.674662646754179 ], [ 91.331506893463597, 26.659334444649527 ], [ 91.321434003736911, 26.643721587254969 ], [ 91.314933031376356, 26.636421795285198 ], [ 91.296546882203657, 26.636202677847816 ] ] ] } },
{ "type": "Feature", "properties": { "sector_id": "Sector_P15", "mean_priority": 1.3405572755417956, "active_sar_pixels": 0, "tier": 1 }, "geometry": { "type": "Polygon", "coordinates": [ [ [ 91.345457621331406, 26.727047715748228 ], [ 91.348490774434978, 26.727083066064335 ], [ 91.347640077625215, 26.723379285372172 ], [ 91.346504381346961, 26.715258430452582 ], [ 91.345673575048224, 26.712114682634901 ], [ 91.345457621331406, 26.727047715748228 ] ] ] } },
{ "type": "Feature", "properties": { "sector_id": "Sector_E13", "mean_priority": 1.3480496385355858, "active_sar_pixels": 0, "tier": 1 }, "geometry": { "type": "Polygon", "coordinates": [ [ [ 90.844703263373248, 26.630070490237468 ], [ 90.845549035075322, 26.584957072424551 ], [ 90.795373203122139, 26.584188711763652 ], [ 90.794865860638737, 26.610647649978361 ], [ 90.796815768843686, 26.61194909502137 ], [ 90.808080947001301, 26.617296814427643 ], [ 90.808547972552788, 26.618442706543188 ], [ 90.810188241982871, 26.620971428897736 ], [ 90.817783918818819, 26.629659822487344 ], [ 90.844703263373248, 26.630070490237468 ] ] ] } },
{ "type": "Feature", "properties": { "sector_id": "Sector_F13", "mean_priority": 1.2624055264867822, "active_sar_pixels": 0, "tier": 1 }, "geometry": { "type": "Polygon", "coordinates": [ [ [ 90.845549035075322, 26.584957072424551 ], [ 90.844703263373248, 26.630070490237468 ], [ 90.894900749057854, 26.630822660993601 ], [ 90.895726858360746, 26.585707772007002 ], [ 90.845549035075322, 26.584957072424551 ] ] ] } },
{ "type": "Feature", "properties": { "sector_id": "Sector_D13", "mean_priority": 1.1326681448632667, "active_sar_pixels": 0, "tier": 1 }, "geometry": { "type": "Polygon", "coordinates": [ [ [ 90.795373203122139, 26.584188711763652 ], [ 90.768924931055409, 26.58377657969584 ], [ 90.775427672093258, 26.595101014789908 ], [ 90.786103844637054, 26.604798866882145 ], [ 90.794865860638737, 26.610647649978361 ], [ 90.795373203122139, 26.584188711763652 ] ] ] } },
{ "type": "Feature", "properties": { "sector_id": "Sector_E14", "mean_priority": 1.1051866214251092, "active_sar_pixels": 0, "tier": 1 }, "geometry": { "type": "MultiPolygon", "coordinates": [ [ [ [ 90.844703263373248, 26.630070490237468 ], [ 90.817783918818819, 26.629659822487344 ], [ 90.818728078843023, 26.63073969518226 ], [ 90.828571306204495, 26.637169631951927 ], [ 90.830268415456601, 26.640905127979892 ], [ 90.841978601333594, 26.652508293562725 ], [ 90.844252087383467, 26.654092666339718 ], [ 90.844703263373248, 26.630070490237468 ] ] ], [ [ [ 90.843855496960757, 26.675183596847884 ], [ 90.84424267919637, 26.654593269438045 ], [ 90.844232645019261, 26.65462642248999 ], [ 90.842949556376254, 26.672671542555168 ], [ 90.843336498981898, 26.675175715167153 ], [ 90.843855496960757, 26.675183596847884 ] ] ] ] } },
{ "type": "Feature", "properties": { "sector_id": "Sector_F14", "mean_priority": 1.1373756027495641, "active_sar_pixels": 0, "tier": 1 }, "geometry": { "type": "Polygon", "coordinates": [ [ [ 90.843855496960757, 26.675183596847884 ], [ 90.894072691374944, 26.675937239902268 ], [ 90.894900749057854, 26.630822660993601 ], [ 90.844703263373248, 26.630070490237468 ], [ 90.844252087383467, 26.654092666339718 ], [ 90.844369440471283, 26.654174446589245 ], [ 90.84424267919637, 26.654593269438045 ], [ 90.843855496960757, 26.675183596847884 ] ] ] } },
{ "type": "Feature", "properties": { "sector_id": "Sector_F15", "mean_priority": 1.1757028508339578, "active_sar_pixels": 0, "tier": 1 }, "geometry": { "type": "Polygon", "coordinates": [ [ [ 90.893242682003063, 26.721051508333986 ], [ 90.894072691374944, 26.675937239902268 ], [ 90.843855496960757, 26.675183596847884 ], [ 90.843810874934633, 26.677555168008187 ], [ 90.845299100565313, 26.683557668548481 ], [ 90.84773657329238, 26.690626601631166 ], [ 90.8479692538248, 26.695212950370177 ], [ 90.84865010711431, 26.698361178651663 ], [ 90.855541333259879, 26.713922363151653 ], [ 90.856722566796947, 26.715594844048784 ], [ 90.8616288658028, 26.720123711460243 ], [ 90.861627748330022, 26.720135440694296 ], [ 90.861650483244446, 26.72057871966118 ], [ 90.893242682003063, 26.721051508333986 ] ] ] } },
{ "type": "Feature", "properties": { "sector_id": "Sector_E15", "mean_priority": 0.8571428571428571, "active_sar_pixels": 0, "tier": 1 }, "geometry": { "type": "Polygon", "coordinates": [ [ [ 90.843855496960757, 26.675183596847884 ], [ 90.843336498981898, 26.675175715167153 ], [ 90.843527655236798, 26.676412788073431 ], [ 90.843810874934633, 26.677555168008187 ], [ 90.843855496960757, 26.675183596847884 ] ] ] } },
{ "type": "Feature", "properties": { "sector_id": "Sector_G14", "mean_priority": 1.1344689242486059, "active_sar_pixels": 0, "tier": 1 }, "geometry": { "type": "Polygon", "coordinates": [ [ [ 90.894900749057854, 26.630822660993601 ], [ 90.894072691374944, 26.675937239902268 ], [ 90.9442918374763, 26.67667315001118 ], [ 90.945100183120687, 26.631557133428629 ], [ 90.894900749057854, 26.630822660993601 ] ] ] } },
{ "type": "Feature", "properties": { "sector_id": "Sector_H15", "mean_priority": 1.2104921172326528, "active_sar_pixels": 0, "tier": 1 }, "geometry": { "type": "Polygon", "coordinates": [ [ [ 90.9442918374763, 26.67667315001118 ], [ 90.943481586562584, 26.72178885721808 ], [ 90.993722399630684, 26.722508435904189 ], [ 90.994512888845222, 26.677391324579276 ], [ 90.9442918374763, 26.67667315001118 ] ] ] } },
{ "type": "Feature", "properties": { "sector_id": "Sector_G15", "mean_priority": 1.2544199646402829, "active_sar_pixels": 0, "tier": 1 }, "geometry": { "type": "Polygon", "coordinates": [ [ [ 90.894072691374944, 26.675937239902268 ], [ 90.893242682003063, 26.721051508333986 ], [ 90.943481586562584, 26.72178885721808 ], [ 90.9442918374763, 26.67667315001118 ], [ 90.894072691374944, 26.675937239902268 ] ] ] } },
{ "type": "Feature", "properties": { "sector_id": "Sector_G16", "mean_priority": 1.221202230382157, "active_sar_pixels": 0, "tier": 1 }, "geometry": { "type": "Polygon", "coordinates": [ [ [ 90.893242682003063, 26.721051508333986 ], [ 90.892410717622482, 26.76616546589036 ], [ 90.942669427138512, 26.766904254653959 ], [ 90.943481586562584, 26.72178885721808 ], [ 90.893242682003063, 26.721051508333986 ] ] ] } },
{ "type": "Feature", "properties": { "sector_id": "Sector_H16", "mean_priority": 1.2242399370746555, "active_sar_pixels": 0, "tier": 1 }, "geometry": { "type": "Polygon", "coordinates": [ [ [ 90.943481586562584, 26.72178885721808 ], [ 90.942669427138512, 26.766904254653959 ], [ 90.992930048414749, 26.767625238535928 ], [ 90.993722399630684, 26.722508435904189 ], [ 90.943481586562584, 26.72178885721808 ] ] ] } },
{ "type": "Feature", "properties": { "sector_id": "Sector_G17", "mean_priority": 0.8552838231994615, "active_sar_pixels": 0, "tier": 1 }, "geometry": { "type": "Polygon", "coordinates": [ [ [ 90.941855355952484, 26.812019341924035 ], [ 90.942669427138512, 26.766904254653959 ], [ 90.892410717622482, 26.76616546589036 ], [ 90.892078798688487, 26.784134396554485 ], [ 90.893157686714602, 26.786169541342773 ], [ 90.896278775274993, 26.794878515775615 ], [ 90.904332219691241, 26.805508697580777 ], [ 90.912220132442059, 26.811324222801396 ], [ 90.912401056240085, 26.811587866422784 ], [ 90.941855355952484, 26.812019341924035 ] ] ] } },
{ "type": "Feature", "properties": { "sector_id": "Sector_H17", "mean_priority": 0.79572963416292675, "active_sar_pixels": 0, "tier": 1 }, "geometry": { "type": "Polygon", "coordinates": [ [ [ 90.942669427138512, 26.766904254653959 ], [ 90.941855355952484, 26.812019341924035 ], [ 90.992135832024786, 26.812741732082692 ], [ 90.992930048414749, 26.767625238535928 ], [ 90.942669427138512, 26.766904254653959 ] ] ] } },
{ "type": "Feature", "properties": { "sector_id": "Sector_H18", "mean_priority": 0.0, "active_sar_pixels": 0, "tier": 2 }, "geometry": { "type": "Polygon", "coordinates": [ [ [ 90.992135832024786, 26.812741732082692 ], [ 90.941855355952484, 26.812019341924035 ], [ 90.941486717730356, 26.832414014439181 ], [ 90.954107288580644, 26.834356460359256 ], [ 90.981532669204725, 26.835052983375736 ], [ 90.991756476279932, 26.834254061342044 ], [ 90.992135832024786, 26.812741732082692 ] ] ] } },
{ "type": "Feature", "properties": { "sector_id": "Sector_G18", "mean_priority": 0.0, "active_sar_pixels": 0, "tier": 2 }, "geometry": { "type": "Polygon", "coordinates": [ [ [ 90.941855355952484, 26.812019341924035 ], [ 90.912401056240085, 26.811587866422784 ], [ 90.916869236039247, 26.81809849838665 ], [ 90.927379533375202, 26.826638174814146 ], [ 90.940130354621871, 26.83220518481389 ], [ 90.941486717730356, 26.832414014439181 ], [ 90.941855355952484, 26.812019341924035 ] ] ] } },
{ "type": "Feature", "properties": { "sector_id": "Sector_F16", "mean_priority": 1.115531486495869, "active_sar_pixels": 0, "tier": 1 }, "geometry": { "type": "Polygon", "coordinates": [ [ [ 90.892410717622482, 26.76616546589036 ], [ 90.893242682003063, 26.721051508333986 ], [ 90.861650483244446, 26.72057871966118 ], [ 90.862069827280308, 26.728754795938773 ], [ 90.865141500483929, 26.742341384356958 ], [ 90.872663739399627, 26.754448993062031 ], [ 90.876273475751304, 26.758597947757998 ], [ 90.878440364059912, 26.763577543315563 ], [ 90.880733887566038, 26.765991267019949 ], [ 90.892410717622482, 26.76616546589036 ] ] ] } },
{ "type": "Feature", "properties": { "sector_id": "Sector_F17", "mean_priority": 1.1258064516129032, "active_sar_pixels": 0, "tier": 1 }, "geometry": { "type": "Polygon", "coordinates": [ [ [ 90.892410717622482, 26.76616546589036 ], [ 90.880733887566038, 26.765991267019949 ], [ 90.88426073027756, 26.76970268636807 ], [ 90.885048796153384, 26.771658086667429 ], [ 90.889419607131302, 26.779827066976669 ], [ 90.891122375210841, 26.782329109791718 ], [ 90.891218201289888, 26.782429836761214 ], [ 90.891320065178519, 26.782703125484797 ], [ 90.892078798688487, 26.784134396554485 ], [ 90.892410717622482, 26.76616546589036 ] ] ] } },
{ "type": "Feature", "properties": { "sector_id": "Sector_N13", "mean_priority": 1.1611777982969118, "active_sar_pixels": 0, "tier": 1 }, "geometry": { "type": "Polygon", "coordinates": [ [ [ 91.247023492157837, 26.590467944555183 ], [ 91.246335107615678, 26.635592162667454 ], [ 91.296546882203657, 26.636202677847816 ], [ 91.297215580153122, 26.591077265515622 ], [ 91.247023492157837, 26.590467944555183 ] ] ] } },
{ "type": "Feature", "properties": { "sector_id": "Sector_L13", "mean_priority": 1.5102766663246812, "active_sar_pixels": 0, "tier": 1 }, "geometry": { "type": "Polygon", "coordinates": [ [ [ 91.146644225574775, 26.589196263351244 ], [ 91.145916476175572, 26.634317989111036 ], [ 91.196124956806187, 26.634963932350033 ], [ 91.196833025191069, 26.589840943097055 ], [ 91.146644225574775, 26.589196263351244 ] ] ] } },
{ "type": "Feature", "properties": { "sector_id": "Sector_M13", "mean_priority": 1.3552204096987106, "active_sar_pixels": 0, "tier": 1 }, "geometry": { "type": "Polygon", "coordinates": [ [ [ 91.196833025191069, 26.589840943097055 ], [ 91.196124956806187, 26.634963932350033 ], [ 91.246335107615678, 26.635592162667454 ], [ 91.247023492157837, 26.590467944555183 ], [ 91.196833025191069, 26.589840943097055 ] ] ] } },
{ "type": "Feature", "properties": { "sector_id": "Sector_N14", "mean_priority": 1.0735268971649397, "active_sar_pixels": 0, "tier": 1 }, "geometry": { "type": "Polygon", "coordinates": [ [ [ 91.246335107615678, 26.635592162667454 ], [ 91.24564509929354, 26.680716077835573 ], [ 91.29587660688361, 26.6813277881494 ], [ 91.296546882203657, 26.636202677847816 ], [ 91.246335107615678, 26.635592162667454 ] ] ] } },
{ "type": "Feature", "properties": { "sector_id": "Sector_L14", "mean_priority": 1.4764884921856298, "active_sar_pixels": 0, "tier": 1 }, "geometry": { "type": "Polygon", "coordinates": [ [ [ 91.145916476175572, 26.634317989111036 ], [ 91.145187010204779, 26.67943941002039 ], [ 91.19541521824091, 26.680086617718935 ], [ 91.196124956806187, 26.634963932350033 ], [ 91.145916476175572, 26.634317989111036 ] ] ] } },
{ "type": "Feature", "properties": { "sector_id": "Sector_M14", "mean_priority": 1.129338941896652, "active_sar_pixels": 0, "tier": 1 }, "geometry": { "type": "Polygon", "coordinates": [ [ [ 91.196124956806187, 26.634963932350033 ], [ 91.19541521824091, 26.680086617718935 ], [ 91.24564509929354, 26.680716077835573 ], [ 91.246335107615678, 26.635592162667454 ], [ 91.196124956806187, 26.634963932350033 ] ] ] } },
{ "type": "Feature", "properties": { "sector_id": "Sector_L15", "mean_priority": 1.2087137922779658, "active_sar_pixels": 0, "tier": 1 }, "geometry": { "type": "Polygon", "coordinates": [ [ [ 91.145187010204779, 26.67943941002039 ], [ 91.144455824746132, 26.724560525694837 ], [ 91.1947038066576, 26.725208998821959 ], [ 91.19541521824091, 26.680086617718935 ], [ 91.145187010204779, 26.67943941002039 ] ] ] } },
{ "type": "Feature", "properties": { "sector_id": "Sector_N15", "mean_priority": 1.088471666495674, "active_sar_pixels": 0, "tier": 1 }, "geometry": { "type": "Polygon", "coordinates": [ [ [ 91.24564509929354, 26.680716077835573 ], [ 91.244953464432442, 26.725839689680381 ], [ 91.295204751512713, 26.726452596043718 ], [ 91.29587660688361, 26.6813277881494 ], [ 91.24564509929354, 26.680716077835573 ] ] ] } },
{ "type": "Feature", "properties": { "sector_id": "Sector_M15", "mean_priority": 1.0880612838138231, "active_sar_pixels": 0, "tier": 1 }, "geometry": { "type": "Polygon", "coordinates": [ [ [ 91.19541521824091, 26.680086617718935 ], [ 91.1947038066576, 26.725208998821959 ], [ 91.244953464432442, 26.725839689680381 ], [ 91.24564509929354, 26.680716077835573 ], [ 91.19541521824091, 26.680086617718935 ] ] ] } },
{ "type": "Feature", "properties": { "sector_id": "Sector_M16", "mean_priority": 1.11182928080435, "active_sar_pixels": 0, "tier": 1 }, "geometry": { "type": "Polygon", "coordinates": [ [ [ 91.1947038066576, 26.725208998821959 ], [ 91.193990719209339, 26.770331075277955 ], [ 91.244260200264421, 26.770962997823332 ], [ 91.244953464432442, 26.725839689680381 ], [ 91.1947038066576, 26.725208998821959 ] ] ] } },
{ "type": "Feature", "properties": { "sector_id": "Sector_K13", "mean_priority": 1.3905888752889977, "active_sar_pixels": 0, "tier": 1 }, "geometry": { "type": "Polygon", "coordinates": [ [ [ 91.09645713962172, 26.588533907589902 ], [ 91.095709712114953, 26.633654335228204 ], [ 91.145916476175572, 26.634317989111036 ], [ 91.146644225574775, 26.589196263351244 ], [ 91.09645713962172, 26.588533907589902 ] ] ] } },
{ "type": "Feature", "properties": { "sector_id": "Sector_J13", "mean_priority": 1.4406826031941453, "active_sar_pixels": 0, "tier": 1 }, "geometry": { "type": "Polygon", "coordinates": [ [ [ 91.046271813635215, 26.587853878147357 ], [ 91.045504711006004, 26.632972973041607 ], [ 91.095709712114953, 26.633654335228204 ], [ 91.09645713962172, 26.588533907589902 ], [ 91.046271813635215, 26.587853878147357 ] ] ] } },
{ "type": "Feature", "properties": { "sector_id": "Sector_I13", "mean_priority": 1.284908176874936, "active_sar_pixels": 0, "tier": 1 }, "geometry": { "type": "Polygon", "coordinates": [ [ [ 90.996088293908841, 26.587156177420006 ], [ 90.995301519220618, 26.632273904953561 ], [ 91.045504711006004, 26.632972973041607 ], [ 91.046271813635215, 26.587853878147357 ], [ 90.996088293908841, 26.587156177420006 ] ] ] } },
{ "type": "Feature", "properties": { "sector_id": "Sector_J14", "mean_priority": 1.217742211278684, "active_sar_pixels": 0, "tier": 1 }, "geometry": { "type": "Polygon", "coordinates": [ [ [ 91.045504711006004, 26.632972973041607 ], [ 91.04473579905158, 26.678091761073532 ], [ 91.094960521654912, 26.678774457023316 ], [ 91.095709712114953, 26.633654335228204 ], [ 91.045504711006004, 26.632972973041607 ] ] ] } },
{ "type": "Feature", "properties": { "sector_id": "Sector_I14", "mean_priority": 1.0921651106323313, "active_sar_pixels": 0, "tier": 1 }, "geometry": { "type": "Polygon", "coordinates": [ [ [ 90.995301519220618, 26.632273904953561 ], [ 90.994512888845222, 26.677391324579276 ], [ 91.04473579905158, 26.678091761073532 ], [ 91.045504711006004, 26.632972973041607 ], [ 90.995301519220618, 26.632273904953561 ] ] ] } },
{ "type": "Feature", "properties": { "sector_id": "Sector_K14", "mean_priority": 1.4030327757377941, "active_sar_pixels": 0, "tier": 1 }, "geometry": { "type": "Polygon", "coordinates": [ [ [ 91.095709712114953, 26.633654335228204 ], [ 91.094960521654912, 26.678774457023316 ], [ 91.145187010204779, 26.67943941002039 ], [ 91.145916476175572, 26.634317989111036 ], [ 91.095709712114953, 26.633654335228204 ] ] ] } },
{ "type": "Feature", "properties": { "sector_id": "Sector_J15", "mean_priority": 1.1113163024520365, "active_sar_pixels": 0, "tier": 1 }, "geometry": { "type": "Polygon", "coordinates": [ [ [ 91.04473579905158, 26.678091761073532 ], [ 91.043965074698477, 26.723210241853078 ], [ 91.094209565246729, 26.723894272588009 ], [ 91.094960521654912, 26.678774457023316 ], [ 91.04473579905158, 26.678091761073532 ] ] ] } },
{ "type": "Feature", "properties": { "sector_id": "Sector_I15", "mean_priority": 1.1431893574091174, "active_sar_pixels": 0, "tier": 1 }, "geometry": { "type": "Polygon", "coordinates": [ [ [ 90.994512888845222, 26.677391324579276 ], [ 90.993722399630684, 26.722508435904189 ], [ 91.043965074698477, 26.723210241853078 ], [ 91.04473579905158, 26.678091761073532 ], [ 90.994512888845222, 26.677391324579276 ] ] ] } },
{ "type": "Feature", "properties": { "sector_id": "Sector_K15", "mean_priority": 1.1176050591595268, "active_sar_pixels": 0, "tier": 1 }, "geometry": { "type": "Polygon", "coordinates": [ [ [ 91.094960521654912, 26.678774457023316 ], [ 91.094209565246729, 26.723894272588009 ], [ 91.144455824746132, 26.724560525694837 ], [ 91.145187010204779, 26.67943941002039 ], [ 91.094960521654912, 26.678774457023316 ] ] ] } },
{ "type": "Feature", "properties": { "sector_id": "Sector_K16", "mean_priority": 1.1194750441996464, "active_sar_pixels": 0, "tier": 1 }, "geometry": { "type": "Polygon", "coordinates": [ [ [ 91.094209565246729, 26.723894272588009 ], [ 91.093456839885732, 26.769013781535673 ], [ 91.143722916873841, 26.76968133575053 ], [ 91.144455824746132, 26.724560525694837 ], [ 91.094209565246729, 26.723894272588009 ] ] ] } },
{ "type": "Feature", "properties": { "sector_id": "Sector_O15", "mean_priority": 1.258228303925099, "active_sar_pixels": 0, "tier": 1 }, "geometry": { "type": "Polygon", "coordinates": [ [ [ 91.29587660688361, 26.6813277881494 ], [ 91.295204751512713, 26.726452596043718 ], [ 91.345457621331406, 26.727047715748228 ], [ 91.345673575048224, 26.712114682634901 ], [ 91.341749520408101, 26.697264018201029 ], [ 91.338930660977496, 26.681837949686653 ], [ 91.29587660688361, 26.6813277881494 ] ] ] } },
{ "type": "Feature", "properties": { "sector_id": "Sector_P16", "mean_priority": 1.2046783625730995, "active_sar_pixels": 0, "tier": 1 }, "geometry": { "type": "Polygon", "coordinates": [ [ [ 91.345457621331406, 26.727047715748228 ], [ 91.344804011975683, 26.772173383103276 ], [ 91.346210380076315, 26.772189807435002 ], [ 91.345809593434481, 26.762792448797697 ], [ 91.34545356728259, 26.760174978695584 ], [ 91.347112456801852, 26.755878403550181 ], [ 91.349315087760615, 26.744635999461831 ], [ 91.34992375037011, 26.733321497314993 ], [ 91.348490774434978, 26.727083066064335 ], [ 91.345457621331406, 26.727047715748228 ] ] ] } },
{ "type": "Feature", "properties": { "sector_id": "Sector_O16", "mean_priority": 1.153448924455388, "active_sar_pixels": 0, "tier": 1 }, "geometry": { "type": "Polygon", "coordinates": [ [ [ 91.295204751512713, 26.726452596043718 ], [ 91.294531313401947, 26.771577101154797 ], [ 91.344804011975683, 26.772173383103276 ], [ 91.345457621331406, 26.727047715748228 ], [ 91.295204751512713, 26.726452596043718 ] ] ] } },
{ "type": "Feature", "properties": { "sector_id": "Sector_P17", "mean_priority": 0.944, "active_sar_pixels": 0, "tier": 1 }, "geometry": { "type": "Polygon", "coordinates": [ [ [ 91.344804011975683, 26.772173383103276 ], [ 91.34450077526472, 26.79307297955852 ], [ 91.345105526575807, 26.791202773877021 ], [ 91.344860022130035, 26.785794988473867 ], [ 91.34630976245451, 26.774519973670309 ], [ 91.346210380076315, 26.772189807435002 ], [ 91.344804011975683, 26.772173383103276 ] ] ] } },
{ "type": "Feature", "properties": { "sector_id": "Sector_O17", "mean_priority": 0.66938350508060751, "active_sar_pixels": 0, "tier": 1 }, "geometry": { "type": "Polygon", "coordinates": [ [ [ 91.344804011975683, 26.772173383103276 ], [ 91.294531313401947, 26.771577101154797 ], [ 91.29385628985348, 26.816701303107248 ], [ 91.331289696707245, 26.817147690117359 ], [ 91.331382722253394, 26.817085295725139 ], [ 91.340595694792739, 26.805147827212078 ], [ 91.34450077526472, 26.79307297955852 ], [ 91.344804011975683, 26.772173383103276 ] ] ] } },
{ "type": "Feature", "properties": { "sector_id": "Sector_O18", "mean_priority": 0.0, "active_sar_pixels": 0, "tier": 2 }, "geometry": { "type": "Polygon", "coordinates": [ [ [ 91.29385628985348, 26.816701303107248 ], [ 91.293462876053596, 26.842951390016058 ], [ 91.307222442717872, 26.8342718852901 ], [ 91.313287945885108, 26.8304448121186 ], [ 91.319535105807944, 26.825782612271158 ], [ 91.321886859590492, 26.82371710627762 ], [ 91.323151684246625, 26.822605526172502 ], [ 91.331289696707245, 26.817147690117359 ], [ 91.29385628985348, 26.816701303107248 ] ] ] } },
{ "type": "Feature", "properties": { "sector_id": "Sector_L16", "mean_priority": 1.0853253992681509, "active_sar_pixels": 0, "tier": 1 }, "geometry": { "type": "Polygon", "coordinates": [ [ [ 91.144455824746132, 26.724560525694837 ], [ 91.143722916873841, 26.76968133575053 ], [ 91.193990719209339, 26.770331075277955 ], [ 91.1947038066576, 26.725208998821959 ], [ 91.144455824746132, 26.724560525694837 ] ] ] } },
{ "type": "Feature", "properties": { "sector_id": "Sector_N16", "mean_priority": 1.1381621695564448, "active_sar_pixels": 0, "tier": 1 }, "geometry": { "type": "Polygon", "coordinates": [ [ [ 91.244953464432442, 26.725839689680381 ], [ 91.244260200264421, 26.770962997823332 ], [ 91.294531313401947, 26.771577101154797 ], [ 91.295204751512713, 26.726452596043718 ], [ 91.244953464432442, 26.725839689680381 ] ] ] } },
{ "type": "Feature", "properties": { "sector_id": "Sector_L17", "mean_priority": 0.75792193662450702, "active_sar_pixels": 0, "tier": 1 }, "geometry": { "type": "Polygon", "coordinates": [ [ [ 91.143722916873841, 26.76968133575053 ], [ 91.142988283652571, 26.814801839804197 ], [ 91.193275953039958, 26.815452846706364 ], [ 91.193990719209339, 26.770331075277955 ], [ 91.143722916873841, 26.76968133575053 ] ] ] } },
{ "type": "Feature", "properties": { "sector_id": "Sector_M17", "mean_priority": 0.75836393308853534, "active_sar_pixels": 0, "tier": 1 }, "geometry": { "type": "Polygon", "coordinates": [ [ [ 91.193990719209339, 26.770331075277955 ], [ 91.193275953039958, 26.815452846706364 ], [ 91.243565304012449, 26.8160860018865 ], [ 91.244260200264421, 26.770962997823332 ], [ 91.193990719209339, 26.770331075277955 ] ] ] } },
{ "type": "Feature", "properties": { "sector_id": "Sector_N17", "mean_priority": 0.66500067999456003, "active_sar_pixels": 0, "tier": 1 }, "geometry": { "type": "Polygon", "coordinates": [ [ [ 91.244260200264421, 26.770962997823332 ], [ 91.243565304012449, 26.8160860018865 ], [ 91.29385628985348, 26.816701303107248 ], [ 91.294531313401947, 26.771577101154797 ], [ 91.244260200264421, 26.770962997823332 ] ] ] } },
{ "type": "Feature", "properties": { "sector_id": "Sector_L18", "mean_priority": 0.0, "active_sar_pixels": 0, "tier": 2 }, "geometry": { "type": "Polygon", "coordinates": [ [ [ 91.193275953039958, 26.815452846706364 ], [ 91.142988283652571, 26.814801839804197 ], [ 91.142301721455922, 26.856873956905165 ], [ 91.147412575424354, 26.855685110005542 ], [ 91.147726148271843, 26.855612219629801 ], [ 91.174908239410797, 26.856775375166844 ], [ 91.192607893103116, 26.857530220510228 ], [ 91.193275953039958, 26.815452846706364 ] ] ] } },
{ "type": "Feature", "properties": { "sector_id": "Sector_N18", "mean_priority": 0.0, "active_sar_pixels": 0, "tier": 2 }, "geometry": { "type": "Polygon", "coordinates": [ [ [ 91.29385628985348, 26.816701303107248 ], [ 91.243565304012449, 26.8160860018865 ], [ 91.242960431287869, 26.855276954590128 ], [ 91.269697017569413, 26.851895214596301 ], [ 91.281159606376818, 26.849178278571252 ], [ 91.29159428244256, 26.844129882875432 ], [ 91.293462876053596, 26.842951390016058 ], [ 91.29385628985348, 26.816701303107248 ] ] ] } },
{ "type": "Feature", "properties": { "sector_id": "Sector_M18", "mean_priority": 0.0, "active_sar_pixels": 0, "tier": 2 }, "geometry": { "type": "Polygon", "coordinates": [ [ [ 91.243565304012449, 26.8160860018865 ], [ 91.193275953039958, 26.815452846706364 ], [ 91.192607893103116, 26.857530220510228 ], [ 91.212222883362386, 26.858364154987456 ], [ 91.221612199305554, 26.857974018722803 ], [ 91.233650453380378, 26.856453269949075 ], [ 91.242960431287869, 26.855276954590128 ], [ 91.243565304012449, 26.8160860018865 ] ] ] } },
{ "type": "Feature", "properties": { "sector_id": "Sector_I16", "mean_priority": 1.2232139803700284, "active_sar_pixels": 0, "tier": 1 }, "geometry": { "type": "Polygon", "coordinates": [ [ [ 90.993722399630684, 26.722508435904189 ], [ 90.992930048414749, 26.767625238535928 ], [ 91.043192534863238, 26.768328414990766 ], [ 91.043965074698477, 26.723210241853078 ], [ 90.993722399630684, 26.722508435904189 ] ] ] } },
{ "type": "Feature", "properties": { "sector_id": "Sector_J16", "mean_priority": 1.157963133955747, "active_sar_pixels": 0, "tier": 1 }, "geometry": { "type": "Polygon", "coordinates": [ [ [ 91.043965074698477, 26.723210241853078 ], [ 91.043192534863238, 26.768328414990766 ], [ 91.093456839885732, 26.769013781535673 ], [ 91.094209565246729, 26.723894272588009 ], [ 91.043965074698477, 26.723210241853078 ] ] ] } },
{ "type": "Feature", "properties": { "sector_id": "Sector_K17", "mean_priority": 0.79495673336938888, "active_sar_pixels": 0, "tier": 1 }, "geometry": { "type": "Polygon", "coordinates": [ [ [ 91.093456839885732, 26.769013781535673 ], [ 91.092702342557487, 26.814132983480263 ], [ 91.142988283652571, 26.814801839804197 ], [ 91.143722916873841, 26.76968133575053 ], [ 91.093456839885732, 26.769013781535673 ] ] ] } },
{ "type": "Feature", "properties": { "sector_id": "Sector_I17", "mean_priority": 0.77349381204950363, "active_sar_pixels": 0, "tier": 1 }, "geometry": { "type": "Polygon", "coordinates": [ [ [ 90.992930048414749, 26.767625238535928 ], [ 90.992135832024786, 26.812741732082692 ], [ 91.042418176452315, 26.813446280097743 ], [ 91.043192534863238, 26.768328414990766 ], [ 90.992930048414749, 26.767625238535928 ] ] ] } },
{ "type": "Feature", "properties": { "sector_id": "Sector_J17", "mean_priority": 0.79192166462668301, "active_sar_pixels": 0, "tier": 1 }, "geometry": { "type": "Polygon", "coordinates": [ [ [ 91.043192534863238, 26.768328414990766 ], [ 91.042418176452315, 26.813446280097743 ], [ 91.092702342557487, 26.814132983480263 ], [ 91.093456839885732, 26.769013781535673 ], [ 91.043192534863238, 26.768328414990766 ] ] ] } },
{ "type": "Feature", "properties": { "sector_id": "Sector_K18", "mean_priority": 0.0, "active_sar_pixels": 0, "tier": 2 }, "geometry": { "type": "Polygon", "coordinates": [ [ [ 91.142988283652571, 26.814801839804197 ], [ 91.092702342557487, 26.814132983480263 ], [ 91.091946070237668, 26.859251878036339 ], [ 91.114167971443962, 26.85955011942918 ], [ 91.131560371944431, 26.858541584693928 ], [ 91.140935744673357, 26.857191663696163 ], [ 91.142301721455922, 26.856873956905165 ], [ 91.142988283652571, 26.814801839804197 ] ] ] } },
{ "type": "Feature", "properties": { "sector_id": "Sector_I18", "mean_priority": 0.0, "active_sar_pixels": 0, "tier": 2 }, "geometry": { "type": "Polygon", "coordinates": [ [ [ 91.042418176452315, 26.813446280097743 ], [ 90.992135832024786, 26.812741732082692 ], [ 90.991756476279932, 26.834254061342044 ], [ 90.993036106802379, 26.834154013635416 ], [ 90.999460588991312, 26.832973667548789 ], [ 90.999542068784024, 26.832971925243331 ], [ 91.030650853142646, 26.832316842819015 ], [ 91.030955885395855, 26.832310326463428 ], [ 91.041932368003884, 26.84169764462407 ], [ 91.042418176452315, 26.813446280097743 ] ] ] } },
{ "type": "Feature", "properties": { "sector_id": "Sector_J18", "mean_priority": 0.0, "active_sar_pixels": 0, "tier": 2 }, "geometry": { "type": "Polygon", "coordinates": [ [ [ 91.091946070237668, 26.859251878036339 ], [ 91.092702342557487, 26.814132983480263 ], [ 91.042418176452315, 26.813446280097743 ], [ 91.041932368003884, 26.84169764462407 ], [ 91.04702091561164, 26.846048690331308 ], [ 91.061632628964233, 26.854751323070566 ], [ 91.067957328683065, 26.857222650656798 ], [ 91.074614412347103, 26.859016843561246 ], [ 91.091946070237668, 26.859251878036339 ] ] ] } },
{ "type": "Feature", "properties": { "sector_id": "Sector_K19", "mean_priority": 0.0, "active_sar_pixels": 0, "tier": 2 }, "geometry": { "type": "Polygon", "coordinates": [ [ [ 91.091946070237668, 26.859251878036339 ], [ 91.091919332841726, 26.860845076513254 ], [ 91.106416364014592, 26.859998914362741 ], [ 91.114167971443962, 26.85955011942918 ], [ 91.091946070237668, 26.859251878036339 ] ] ] } },
{ "type": "Feature", "properties": { "sector_id": "Sector_J19", "mean_priority": 0.0, "active_sar_pixels": 0, "tier": 2 }, "geometry": { "type": "Polygon", "coordinates": [ [ [ 91.091946070237668, 26.859251878036339 ], [ 91.074614412347103, 26.859016843561246 ], [ 91.079387278654778, 26.860302984622653 ], [ 91.091304902026707, 26.860880906316485 ], [ 91.091919332841726, 26.860845076513254 ], [ 91.091946070237668, 26.859251878036339 ] ] ] } }
]
}
